"Category","Outbreak","Country","Lat","Long","Year","Cases","Fatalities","Impact.Scale"
"Polio","Polio","Afghanistan",33.4131,68.09326,2010,25,0,"Epidemic"
"Polio","Polio","Afghanistan",33.4131,68.09326,2011,80,0,"Epidemic"
"Polio","Polio","Afghanistan",32.54681,64.07227,2012,37,0,"Secondary"
"Polio","Polio","Afghanistan",33.65121,64.07227,2013,14,0,"Epidemic"
"Polio","Polio","Afghanistan",33.93911,67.70995,2014,26,0,"Epidemic"
"Whooping Cough","Whooping Cough","Afghanistan",36.73477,70.811995,2012,350,12,"Cluster"
"Measles","Measles","Afghanistan",35.16713,63.76954,2012,6000,20,"Epidemic"
"Measles","Measles","Afghanistan",33.92513,66.26953,2011,3013,0,"Epidemic"
"Polio","Polio","Afghanistan",34.0355327,70.57408859,2015,10,0,"Cluster"
"Measles","Measles","Algeria",26.41813,-0.60147,2013,87,0,"Epidemic"
"Measles","Measles","Angola",-11.24054,17.84369,2009,2657,0,"Epidemic"
"Measles","Measles","Angola",-11.12097,17.80746,2010,1679,0,"Epidemic"
"Measles","Measles","Angola",-13.000532,17.87389,2011,16,8,"Cluster"
"Measles","Measles","Angola",-16.41808,18.80762,2012,320,10,"Epidemic"
"Measles","Measles","Angola",-14.92806,14.65878,2012,35,5,"Cluster"
"Measles","Measles","Angola",-16.4905382,14.6223476,2012,19,0,"Cluster"
"Measles","Measles","Angola",-7.17367,15.40681,2013,45,0,"Cluster"
"Measles","Measles","Angola",-7.17367,15.40681,2014,66,0,"Cluster"
"Polio","Polio","Angola",-11.236546,17.873887,2010,24,0,"Secondary"
"Polio","Polio","Angola",-13.41099,16.78711,2011,5,0,"Cluster"
"Measles","Measles","Argentina",-34.60372,-58.38159,2012,1,0,"Isolated"
"Measles","Measles","Argentina",-34.60372,-58.38159,2013,1,0,"Isolated"
"Whooping Cough","Whooping Cough","Argentina",-38.4161,-63.61667,2012,597,0,"Epidemic"
"Whooping Cough","Whooping Cough","Australia",-23.805604,151.254637,2010,65,0,"Epidemic"
"Whooping Cough","Whooping Cough","Australia",-33.28462,144.31641,2011,13167,0,"Epidemic"
"Whooping Cough","Whooping Cough","Australia",-26.71617,122.10205,2011,3597,0,"Epidemic"
"Whooping Cough","Whooping Cough","Australia",-33.13755,146.42578,2012,3722,0,"Epidemic"
"Whooping Cough","Whooping Cough","Australia",-37.81355,144.95975,2014,4606,0,"Epidemic"
"Whooping Cough","Whooping Cough","Australia",-35.47347,149.01237,2015,115,0,"Epidemic"
"Whooping Cough","Whooping Cough","Australia",-37.56365,143.86719,2014,218,0,"Epidemic"
"Measles","Measles","Australia",-38.471308,140.785153,2009,18,0,"Cluster"
"Measles","Measles","Australia",-27.672817,121.62831,2010,2,0,"Secondary"
"Measles","Measles","Australia",-27.67282,121.62831,2014,2,0,"Isolated"
"Measles","Measles","Australia",-30.253218,146.921099,2010,1,0,"Isolated"
"Measles","Measles","Australia",-24.917574,145.902796,2010,2,0,"Secondary"
"Measles","Measles","Australia",-27.47101,153.02345,2011,3,0,"Secondary"
"Measles","Measles","Australia",-33.769464,150.908493,2011,14,0,"Cluster"
"Measles","Measles","Australia",-37.471308,141.785153,2011,16,0,"Secondary"
"Measles","Measles","Australia",-23.917574,141.702796,2011,12,0,"Cluster"
"Measles","Measles","Australia",-32.253218,146.921099,2011,29,0,"Cluster"
"Measles","Measles","Australia",-31.25322,146.9211,2014,10,0,"Cluster"
"Measles","Measles","Australia",-20.917574,142.702796,2011,1,0,"Isolated"
"Measles","Measles","Australia",-35.471308,144.785153,2011,4,0,"Cluster"
"Measles","Measles","Australia",-19.491411,132.55096,2011,1,0,"Isolated"
"Measles","Measles","Australia",-19.49141,132.55096,2014,19,0,"Cluster"
"Measles","Measles","Australia",-30.000232,136.209155,2011,2,0,"Secondary"
"Measles","Measles","Australia",-35.47347,149.01237,2011,12,0,"Cluster"
"Measles","Measles","Australia",-34.92113,138.58377,2011,1,0,"Isolated"
"Measles","Measles","Australia",-22.73591,140.018765,2012,89,0,"Epidemic"
"Measles","Measles","Australia",-37.96443,145.05598,2012,2,0,"Secondary"
"Measles","Measles","Australia",-33.88305,151.11442,2013,3,0,"Cluster"
"Measles","Measles","Australia",-34.06777,150.81319,2012,22,0,"Cluster"
"Measles","Measles","Australia",-31.94725,115.86065,2013,1,0,"Isolated"
"Measles","Measles","Australia",-31.94725,115.86065,2014,1,0,"Isolated"
"Measles","Measles","Australia",-25.12539,144.22852,2012,1,0,"Isolated"
"Measles","Measles","Australia",-31.25322,146.9211,2012,2,0,"Isolated"
"Mumps","Mumps","Australia",-31.25322,146.9211,2013,15,0,"Cluster"
"Mumps","Mumps","Australia",-41.39856,146.4917,2015,6,0,"Cluster"
"Measles","Measles","Australia",-34.92862,138.59996,2013,3,0,"Isolated"
"Measles","Measles","Australia",-37.81411,144.96328,2013,10,0,"Cluster"
"Measles","Measles","Australia",-27.61409,152.75847,2013,35,0,"Cluster"
"Measles","Measles","Australia",-27.56433,151.95399,2014,59,0,"Epidemic"
"Measles","Measles","Australia",-26.62935,152.95936,2014,1,0,"Isolated"
"Measles","Measles","Australia",-28.23696,153.5098,2013,1,0,"Isolated"
"Mumps","Mumps","Australia",-31.95301,115.85747,2013,30,0,"Cluster"
"Measles","Measles","Australia",-33.08941,151.63696,2014,4,0,"Cluster"
"Measles","Measles","Australia",-27.47101,153.02345,2014,1,0,"Isolated"
"Measles","Measles","Australia",-41.36504,146.62849,2014,8,0,"Cluster"
"Measles","Measles","Australia",-37.74181,144.90346,2014,3,0,"Cluster"
"Measles","Measles","Australia",-26,121,2014,39,0,"Epidemic"
"Measles","Measles","Australia",-32.16,147,2014,1,1,"Isolated"
"Measles","Measles","Australia",-37.80897,144.96527,2014,2,0,"Cluster"
"Measles","Measles","Australia",-27.49543,153.01203,2015,7,0,"Cluster"
"Whooping Cough","Whooping Cough","Australia",-35.282,149.12868,2015,270,0,"Epidemic"
"Whooping Cough","Whooping Cough","Australia",-34.92862,138.59996,2015,985,0,"Epidemic"
"Measles","Measles","Australia",-28.23696,153.5098,2015,2,0,"Secondary"
"Measles","Measles","Australia",-34.92862,138.59996,2015,1,0,"Secondary"
"Whooping Cough","Whooping Cough","Australia",-27.67282,121.62831,2015,1784,1,"Epidemic"
"Measles","Measles","Australia",-37.76787,144.96193,2016,4,0,"Isolated"
"Measles","Measles","Austria",47.264901,14.89393,2009,37,0,"Secondary"
"Measles","Measles","Austria",47.07012,12.98584,2012,35,0,"Cluster"
"Rubella","Rubella","Austria",48.18074,15.46875,2012,10,0,"Isolated"
"Measles","Measles","Bangladesh",22.20001,90.216667,2011,200,20,"Epidemic"
"Measles","Measles","Belarus",54.52128,26.94629,2015,1,0,"Isolated"
"Measles","Measles","Belgium",50.503887,4.469936,2011,192,0,"Epidemic"
"Measles","Measles","Belgium",50.54529,4.30801,2012,56,0,"Epidemic"
"Measles","Measles","Benin",9.61429,2.35794,2009,1001,0,"Epidemic"
"Measles","Measles","Benin",9.30769,2.315834,2010,85,0,"Epidemic"
"Measles","Measles","Bosnia and Herzegovina",43.91589,17.67908,2014,4829,0,"Epidemic"
"Measles","Measles","Bosnia and Herzegovina",43.73935,18.3252,2009,161,0,"Epidemic"
"Measles","Measles","Botswana",-22.32847,24.68487,2010,1412,0,"Epidemic"
"Measles","Measles","Brazil",-23.54894,-46.63882,2011,27,0,"Epidemic"
"Measles","Measles","Brazil",-8.81372,-36.95411,2013,138,0,"Epidemic"
"Whooping Cough","Whooping Cough","Brazil",-7.71834,-42.72892,2014,176,2,"Epidemic"
"Whooping Cough","Whooping Cough","Brazil",-23.50153,-47.45256,2014,31,3,"Cluster"
"Whooping Cough","Whooping Cough","Brazil",-12.59641,-41.71841,2014,159,0,"Epidemic"
"Whooping Cough","Whooping Cough","Brazil",1.82334,-50.8499,2014,11,11,"Cluster"
"Measles","Measles","Brazil",-5.4983977,-39.3206241,2015,916,0,"Epidemic"
"Measles","Measles","Bulgaria",42.733883,25.48583,2009,958,0,"Epidemic"
"Measles","Measles","Bulgaria",40.733883,24.48583,2011,131,0,"Epidemic"
"Measles","Measles","Bulgaria",42.79943,24.90051,2012,2,0,"Isolated"
"Rubella","Rubella","Bulgaria",43.0167,25.92224,2012,16,0,"Isolated"
"Other","Meningitis","Burkina Faso",12.238333,-1.561593,2010,5118,718,"Epidemic"
"Measles","Measles","Burkina Faso",11.938333,-1.761593,2009,19000,150,"Epidemic"
"Measles","Measles","Burkina Faso",13.238333,-1.161593,2010,1258,10,"Epidemic"
"Measles","Measles","Cambodia",12.86063,105.969988,2015,1,0,"Isolated"
"Measles","Measles","Cambodia",11.61551,104.37919,2016,1,0,"Isolated"
"Measles","Measles","Cameroon",7.369722,11.354722,2010,1338,6,"Epidemic"
"Measles","Measles","Cameroon",4.54357,12.91992,2009,1305,0,"Epidemic"
"Measles","Measles","Cameroon",8.369722,12.354722,2008,160,2,"Epidemic"
"Measles","Measles","Cameroon",4.04749,9.70637,2013,111,0,"Epidemic"
"Polio","Polio","Cameroon",4.85015,12.7002,2013,4,0,"Epidemic"
"Polio","Polio","Cameroon",7.36972,12.35472,2014,5,0,"Cluster"
"Measles","Measles","Cameroon",6.56002,10.17033,2015,858,9,"Epidemic"
"Measles","Measles","Canada",55.93327,-117.5765,2011,1,0,"Isolated"
"Measles","Measles","Canada",53.933271,-116.576504,2010,4,0,"Secondary"
"Measles","Measles","Canada",53.54356,-113.49045,2012,1,0,"Isolated"
"Measles","Measles","Canada",51.04532,-114.0581,2013,36,0,"Cluster"
"Measles","Measles","Canada",51.06588,-114.09143,2013,42,0,"Cluster"
"Measles","Measles","Canada",53.93327,-116.5765,2014,31,0,"Cluster"
"Measles","Measles","Canada",53.726668,-127.647621,2010,78,0,"Secondary"
"Measles","Measles","Canada",49.22949,-123.00258,2013,4,0,"Cluster"
"Measles","Measles","Canada",49.37641,-121.81593,2014,375,0,"Cluster"
"Measles","Measles","Canada",56.72638,-111.38034,2014,1,0,"Isolated"
"Whooping Cough","Whooping Cough","Canada",55.17887,-126.12305,2012,247,0,"Epidemic"
"Whooping Cough","Whooping Cough","Canada",48.81057,-123.28215,2014,22,0,"Cluster"
"Whooping Cough","Whooping Cough","Canada",51.04532,-114.0581,2014,128,0,"Epidemic"
"Whooping Cough","Whooping Cough","Canada",51.24841,-112.9906,2015,1,0,"Epidemic"
"Measles","Measles","Canada",53.54356,-113.49045,2011,1,0,"Isolated"
"Measles","Measles","Canada",43.32552,-79.79903,2013,6,0,"Secondary"
"Measles","Measles","Canada",43.25002,-79.86609,2014,1,0,"Isolated"
"Measles","Measles","Canada",53.76086,-98.81388,2014,7,0,"Isolated"
"Measles","Measles","Canada",49.7864,-97.18144,2015,2,0,NA
"Whooping Cough","Whooping Cough","Canada",45.50867,-73.55399,2012,106,0,"Cluster"
"Whooping Cough","Whooping Cough","Canada",46.56532,-66.46192,2012,548,0,"Epidemic"
"Measles","Measles","Canada",46.51071,-63.41681,2013,2,0,"Secondary"
"Whooping Cough","Whooping Cough","Canada",46.74719,-64.20199,2014,24,0,"Epidemic"
"Measles","Measles","Canada",43.32552,-79.79903,2013,6,0,"Secondary"
"Measles","Measles","Canada",51.56341,-88.94531,2012,1,0,"Isolated"
"Measles","Measles","Canada",43.67664,-79.78484,2014,1,0,"Isolated"
"Measles","Measles","Canada",44.47165,-79.82967,2014,1,0,"Isolated"
"Measles","Measles","Canada",43.02192,-79.89096,2015,19,0,"Epidemic"
"Mumps","Mumps","Canada",51.253775,-85.323214,2011,11,0,"Secondary"
"Measles","Measles","Canada",46.411572,-75.698194,2011,6,0,"Secondary"
"Measles","Measles","Canada",47.411572,-75.698194,2010,1,0,"Isolated"
"Measles","Measles","Canada",45.2609,-75.69719,2014,4,0,"Isolated"
"Whooping Cough","Whooping Cough","Canada",45.42593,-75.68586,2015,7,0,"Cluster"
"Measles","Measles","Canada",52.939916,-73.549136,2011,36,0,"Cluster"
"Measles","Measles","Canada",53.939916,-73.549136,2011,2,0,"Secondary"
"Measles","Measles","Canada",52.93992,-73.54914,2011,776,0,"Epidemic"
"Measles","Measles","Canada",46.64364,-72.14061,2015,150,0,"Epidemic"
"Measles","Measles","Canada",52.939916,-106.450864,2011,6,0,"Cluster"
"Measles","Measles","Canada",53.70971,-106.43555,2012,1,0,"Cluster"
"Measles","Measles","Canada",53.4982,-106.44,2013,1,0,"Isolated"
"Measles","Measles","Canada",52.93992,-106.45086,2014,6,0,"Cluster"
"Measles","Measles","Canada",52.1334,-106.68324,2014,1,0,"Isolated"
"Measles","Measles","Canada",43.65323,-79.38318,2013,1,0,"Isolated"
"Measles","Measles","Canada",43.64975,-79.39898,2015,10,0,"Cluster"
"Measles","Measles","Canada",45.64477,-65.87402,2013,3,0,"Isolated"
"Measles","Measles","Canada",53.72667,-127.64762,2013,8,0,"Cluster"
"Measles","Measles","Canada",49.19,-122.8,2015,11,0,"Secondary"
"Measles","Measles","Canada",45.47654,-75.70127,2013,1,0,"Isolated"
"Measles","Measles","Canada",43.13264,-80.73906,2013,2,0,"Isolated"
"Measles","Measles","Canada",42.98695,-81.24318,2014,2,0,"Isolated"
"Measles","Measles","Canada",49.26667,-122.96667,2015,4,0,"Cluster"
"Mumps","Mumps","Canada",51.9399642,-73.549136,2009,15,0,"Cluster"
"Mumps","Mumps","Canada",43.54488,-80.2501,2015,2,0,"Cluster"
"Mumps","Mumps","Canada",49.261226,-123.113927,2011,90,0,"Epidemic"
"Mumps","Mumps","Canada",50.116168,-122.959423,2011,15,0,"Cluster"
"Whooping Cough","Whooping Cough","Canada",64.28233,-135.00001,2012,5,0,"Cluster"
"Other","Tetanus","Canada",44.56903,-80.94056,2015,1,0,"Isolated"
"Mumps","Mumps","Canada",43.5448,-80.24817,2015,14,0,"Cluster"
"Whooping Cough","Whooping Cough","Canada",44.1313,-81.15069,2015,239,0,"Epidemic"
"Whooping Cough","Whooping Cough","Canada",62.4506192,-114.415307,2015,1,0,"Isolated"
"Whooping Cough","Whooping Cough","Canada",46.5653163,-66.4619164,2015,47,0,"Epidemic"
"Whooping Cough","Whooping Cough","Canada",53.7608608,-98.8138763,2015,51,0,"Epidemic"
"Whooping Cough","Whooping Cough","Canada",48.3809,-89.24768,2016,10,0,"Cluster"
"Measles","Measles","Canada",45.63873,-122.66149,2016,1,0,"Isolated"
"Measles","Measles","Central African Republic",6.611111,20.939444,2010,31,0,"Cluster"
"Polio","Polio","Central African Republic",7.1336,20.99487,2011,4,0,"Cluster"
"Measles","Measles","Central African Republic",4.3617,18.55597,2014,8,0,"Cluster"
"Measles","Measles","Chad",15.454166,19.17513,2010,5832,79,"Epidemic"
"Measles","Measles","Chad",13.60328,19.09424,2011,8650,63,"Epidemic"
"Measles","Measles","Chad",11.78133,21.79688,2013,4,0,"Cluster"
"Measles","Measles","Chad",12.1048,15.04451,2014,2511,0,"Epidemic"
"Measles","Measles","Chad",12.45773,16.72346,2014,193,0,"Epidemic"
"Other","Meningitis","Chad",14.99999,18.732207,2010,507,56,"Epidemic"
"Polio","Polio","Chad",15.45417,18.73221,2011,15,0,"Cluster"
"Polio","Polio","Chad",12.55456,16.61133,2012,5,0,"Cluster"
"Whooping Cough","Whooping Cough","Chile",-33.04565,-71.62036,2012,643,5,"Epidemic"
"Measles","Measles","Chile",-35.675147,-71.542969,2011,6,0,"Cluster"
"Measles","Measles","Chile",-33.44889,-70.66927,2015,9,0,"Cluster"
"Polio","Polio","China",35.38905,85.60547,2011,9,0,"Cluster"
"Measles","Measles","China",35.85121,104.51569,2008,131441,0,"Epidemic"
"Measles","Measles","China",35.85121,104.51569,2009,52461,0,"Epidemic"
"Measles","Measles","China",35.85121,104.51569,2010,3538,0,"Epidemic"
"Measles","Measles","China",35.85121,104.51569,2011,9943,0,"Epidemic"
"Measles","Measles","China",35.74428,104.07074,2012,2731,0,"Epidemic"
"Measles","Measles","China",35.46067,91.75781,2013,27646,0,"Epidemic"
"Measles","Measles","China",35.86166,104.195397,2014,35677,15,"Epidemic"
"Measles","Measles","China",30.57099,113.68758,2015,79499,13,"Epidemic"
"Other","Rubella","China",25.04581,102.71,2015,15,0,"Cluster"
"Other","Typhoid Fever","China",30.545861,114.341921,2008,81,0,"Epidemic"
"Measles","Measles","Colombia",5.01806,-74.07583,2011,7,0,"Cluster"
"Mumps","Mumps","Colombia",4.59806,-74.07583,2011,323,0,"Epidemic"
"Whooping Cough","Whooping Cough","Colombia",4.570868,-73.49992,2011,14,14,"Cluster"
"Whooping Cough","Whooping Cough","Colombia",4.59806,-74.07583,2012,589,50,"Epidemic"
"Measles","Measles","Ivory Coast",8.39989,-5.54708,2010,491,3,"Epidemic"
"Measles","Measles","Ivory Coast",7.00189,-5.54708,2011,47,0,"Epidemic"
"Polio","Polio","Ivory Coast",7.44962,-5.71289,2011,36,0,"Epidemic"
"Measles","Measles","Cyprus",35.12641,33.42986,2012,1,0,"Isolated"
"Measles","Measles","Czech Republic",49.81749,15.47296,2012,23,0,"Cluster"
"Measles","Measles","Denmark",56.26392,9.50178,2012,2,0,"Cluster"
"Measles","Measles","Denmark",56.26392,9.50179,2009,6,0,"Cluster"
"Other","Diptheria","Denmark",56.26392,9.50179,2015,1,0,"Isolated"
"Measles","Measles","Denmark",56.26392,9.501785,2013,9,0,"Cluster"
"Measles","Measles","Denmark",56.26392,9.501785,2014,8,0,"Cluster"
"Polio","Polio","Democratic Republic of the Congo",-4.310395,15.371668,2011,3,0,"Secondary"
"Measles","Measles","Democratic Republic of the Congo",-2.41628,14.94141,2010,4861,79,"Epidemic"
"Measles","Measles","Democratic Republic of the Congo",-12.1975,27.79778,2013,60,2,"Epidemic"
"Measles","Measles","Democratic Republic of the Congo",-2.50409,20.61035,2011,134042,0,"Epidemic"
"Measles","Measles","Democratic Republic of the Congo",-4,26,2012,73844,2023,"Epidemic"
"Measles","Measles","Democratic Republic of the Congo",-3.050001,26.45,2013,75,0,"Epidemic"
"Measles","Measles","Democratic Republic of the Congo",-2.88,23.656,2013,81949,1297,"Epidemic"
"Measles","Measles","Democratic Republic of the Congo",-4.64303,27.13182,2014,76,2,"Cluster"
"Measles","Measles","Democratic Republic of the Congo",-10.98333,26.73333,2014,204,2,"Epidemic"
"Measles","Measles","Democratic Republic of the Congo",-8.88511,26.41939,2015,39619,474,"Epidemic"
"Polio","Polio","Democratic Republic of the Congo",-4.038333,21.758664,2010,63,0,"Epidemic"
"Polio","Polio","Democratic Republic of the Congo",-3.25021,24.47754,2011,93,0,"Epidemic"
"Polio","Polio","Democratic Republic of the Congo",-4.12389,24.73992,2012,17,0,"Cluster"
"Measles","Measles","Democratic Republic of the Congo",-8.885115,26.419389,2015,30000,428,"Epidemic"
"Measles","Measles","Ecuador",-0.21217,-78.50538,2011,169,0,"Epidemic"
"Measles","Measles","Ecuador",-0.14648,-78.47519,2012,203,0,"Epidemic"
"Mumps","Mumps","Egypt",26.82055,30.8025,2012,583,0,"Epidemic"
"Measles","Measles","Egypt",29.20317,25.51955,2014,139,6,"Epidemic"
"Measles","Measles","Egypt",26.820553,30.802498,2015,5000,0,"Epidemic"
"Measles","Measles","UK",52.35552,-1.17432,2014,10,0,"Cluster"
"Measles","Measles","UK",50.77721,-3.99946,2015,2,0,"Cluster"
"Whooping Cough","Whooping Cough","UK",52.47507,-1.82983,2013,95,0,"Cluster"
"Whooping Cough","Whooping Cough","UK",52.47507,-1.82983,2014,135,0,"Cluster"
"Measles","Measles","Equatorial Guinea",1.650801,10.267895,2008,300,10,"Epidemic"
"Polio","Polio","Equatorial Guinea",1.6508,10.26789,2014,5,0,"Cluster"
"Measles","Measles","Estonia",58.59527,25.01361,2012,3,0,"Cluster"
"Measles","Measles","Ethiopia",9.14501,40.489673,2011,3255,0,"Epidemic"
"Measles","Measles","Ethiopia",9.23953,40.58229,2010,8261,0,"Epidemic"
"Measles","Measles","Ethiopia",9.19412,40.57191,2009,4470,0,"Epidemic"
"Measles","Measles","Ethiopia",9.16591,40.51148,2008,3100,0,"Epidemic"
"Measles","Measles","Ethiopia",9.145,40.48967,2014,3322,0,"Epidemic"
"Measles","Measles","Ethiopia",9.51359,37.39153,2015,929,0,"Epidemic"
"Other","Diptheria","Ethiopia",5.34045,37.43879,2015,31,6,"Cluster"
"Polio","Polio","Ethiopia",6.66123,43.79085,2013,6,0,"Epidemic"
"Polio","Polio","Ethiopia",4.17552,42.0577,2014,1,0,"Isolated"
"Measles","Measles","Micronesia",5.32828,162.97273,2014,2,0,"Isolated"
"Measles","Measles","Fiji",-17.69939,178.0719,2015,3,0,"Cluster"
"Other","Typhoid Fever","Fiji",-17.77484,177.83638,2012,42,0,"Cluster"
"Rubella","Rubella","Fiji",-16.7199,178.065032,2011,28,0,"Cluster"
"Other","Typhoid Fever","Fiji",-17.71337,178.06503,2009,224,0,"Epidemic"
"Measles","Measles","Finland",61.92411,25.74815,2011,5,0,"Secondary"
"Measles","Measles","Finland",60.25117,24.0675,2014,1,0,"Isolated"
"Measles","Measles","France",44.59047,-0.21973,2012,859,0,"Epidemic"
"Measles","Measles","France",46.227638,3.21453,2011,14949,0,"Epidemic"
"Measles","Measles","France",48.31818,7.44162,2015,169,0,"Epidemic"
"Whooping Cough","Whooping Cough","French Polynesia",-16.5004126,-151.7414904,2015,2,0,"Cluster"
"Measles","Measles","Georgia",43.40233,45.71875,2013,2668,0,"Epidemic"
"Measles","Measles","Georgia",42.31541,43.35689,2014,3191,0,"Epidemic"
"Measles","Measles","Georgia",41.71667,44.78333,2015,100,0,"Epidemic"
"Measles","Measles","Germany",50.92554,10.76111,2012,183,0,"Cluster"
"Measles","Measles","Germany",51.165691,10.451526,2010,13,0,"Secondary"
"Measles","Measles","Germany",48.79045,11.49789,2013,60,0,"Epidemic"
"Measles","Measles","Germany",52.51917,13.40609,2013,323,0,"Epidemic"
"Mumps","Mumps","Germany",48.790447,11.497889,2010,115,0,"Epidemic"
"Measles","Measles","Germany",52.523405,13.4114,2010,62,0,"Epidemic"
"Measles","Measles","Germany",52.49347,13.53756,2015,849,0,"Epidemic"
"Measles","Measles","Germany",53.55108,9.99368,2009,216,0,"Epidemic"
"Measles","Measles","Germany",50.111445,8.680615,2011,45,0,"Epidemic"
"Measles","Measles","Germany",50.94365,6.73491,2013,29,0,"Cluster"
"Measles","Measles","Germany",49,8.4,2014,1,0,"Isolated"
"Other","Diptheria","Germany",51.16569,10.45153,2015,4,0,"Cluster"
"Measles","Measles","Ghana",9.39398,-0.82372,2013,3,0,"Cluster"
"Other","Meningitis","Ghana",7.946527,-1.023194,2010,96,17,"Epidemic"
"Measles","Measles","Gibraltar",36.137741,-5.345374,2008,250,0,"Epidemic"
"Measles","Measles","Greece",39.074208,21.824312,2010,126,0,"Epidemic"
"Mumps","Mumps","Guam",13.444304,144.793731,2010,142,0,"Epidemic"
"Measles","Measles","Guam",13.4443,144.79373,2014,1,0,"Isolated"
"Whooping Cough","Whooping Cough","Guam",13.46701,144.75082,2015,11,0,"Cluster"
"Other","Rotavirus","Guatemala",15.783471,-90.230759,2010,4336,0,"Epidemic"
"Other","Ebola","Guinea",10.16937,-9.86256,2014,233,0,"Epidemic"
"Measles","Measles","Guinea",10.16937,-9.86256,2014,129,12,"Epidemic"
"Measles","Measles","Guinea",12.008,-14.75195,2015,12,0,"Cluster"
"Polio","Polio","Guinea",10.27709,-10.41504,2011,3,0,"Cluster"
"Measles","Measles","Guinea",9.945587,-9.696645,2010,1013,2,"Epidemic"
"Other","Diptheria","Haiti",18.971187,-72.285215,2009,33,15,"Cluster"
"Polio","Polio","India",20.593684,78.96288,2011,5,0,"Secondary"
"Measles","Measles","India",27.25831,93.03759,2012,30,0,"Cluster"
"Polio","Polio","India",22.98676,87.85498,2012,1,0,"Isolated"
"Measles","Measles","India",23.25993,77.41262,2012,50,0,"Epidemic"
"Other","Typhoid Fever","India",29.058776,76.085601,2010,43,0,"Epidemic"
"Other","Diptheria","India",29.06772,76.10916,2012,14,5,"Cluster"
"Measles","Measles","India",34.149088,76.825965,2008,5,5,"Cluster"
"Measles","Measles","India",28.57552,77.24195,2011,29339,0,"Epidemic"
"Polio","Polio","India",19.75148,75.71389,2013,4,0,"Epidemic"
"Whooping Cough","Whooping Cough","India",27.023804,74.217933,2011,5,1,"Cluster"
"Measles","Measles","India",19.16667,83.41667,2012,9,9,"Cluster"
"Measles","Measles","India",27.570589,80.098187,2011,5,2,"Cluster"
"Measles","Measles","India",19.31496,84.79409,2013,20,1,"Cluster"
"Measles","Measles","India",20.994481,86.111813,2014,10,4,"Cluster"
"Polio","Polio","India",27.570589,80.098187,2008,32,0,"Cluster"
"Measles","Measles","India",22.23421,82.04071,2014,3,0,"Isolated"
"Measles","Measles","India",12.9716,77.59456,2014,40,0,"Cluster"
"Measles","Measles","India",22.26776,70.7995,2014,11,0,"Cluster"
"Measles","Measles","India",28.56562,77.24339,2014,800,0,"Epidemic"
"Other","Chicken Pox","India",22.71957,75.85773,2014,15,0,"Cluster"
"Other","Diptheria","India",17.38504,78.48667,2014,15,0,"Epidemic"
"Measles","Measles","India",24.6348197,77.2979782,2015,11,0,"Cluster"
"Polio","Polio","India",28.56562,77.24339,2015,1,0,"Isolated"
"Rubella","Rubella","Indonesia",-0.78928,113.92133,2011,3,0,"Cluster"
"Measles","Measles","Indonesia",-2.28455,120.27832,2011,21893,0,"Epidemic"
"Measles","Measles","Indonesia",-8.40952,115.18892,2013,6300,0,"Epidemic"
"Other","Typhoid Fever","Indonesia",-6.21154,106.84517,2011,1,0,"Isolated"
"Polio","Polio","Iraq",33.325,44.422,2014,2,0,"Cluster"
"Measles","Measles","Iraq",33.31281,44.36149,2015,976,0,"Epidemic"
"Measles","Measles","Ireland",55.9845,-5.935594,2009,60,0,"Epidemic"
"Measles","Measles","Ireland",53.581657,-5.935594,2010,8,0,"Secondary"
"Measles","Measles","Ireland",53.34399,-6.30615,2011,139,0,"Epidemic"
"Measles","Measles","Ireland",53.41291,-8.24389,2012,217,0,"Epidemic"
"Measles","Measles","Ireland",53.27854,-9.06046,2014,15,0,"Cluster"
"Mumps","Mumps","Ireland",54.99661,-7.30857,2015,2000,0,"Epidemic"
"Mumps","Mumps","Israel",31.046051,34.851612,2010,4185,0,"Epidemic"
"Measles","Measles","Israel",31.44741,34.9585,2011,12,0,"Cluster"
"Measles","Measles","Israel",31.04605,34.85161,2012,96,0,"Epidemic"
"Mumps","Mumps","Israel",31.99991,36.851612,2011,105,0,"Epidemic"
"Polio","Polio","Israel",31.24757,34.86119,2013,7,0,"Cluster"
"Measles","Measles","Italy",41.87194,12.56738,2011,5189,0,"Epidemic"
"Measles","Measles","Italy",42.9725,12.40356,2012,724,0,"Epidemic"
"Measles","Measles","Italy",41.87194,12.56738,2014,1642,0,"Epidemic"
"Rubella","Rubella","Japan",35.63944,136.53809,2012,2353,0,"Epidemic"
"Rubella","Rubella","Japan",37.99616,140.05371,2013,10102,0,"Epidemic"
"Measles","Measles","Japan",39.26628,140.93262,2013,293,0,"Epidemic"
"Measles","Measles","Japan",36.20482,138.25292,2014,119,0,"Cluster"
"Measles","Measles","Japan",36.20482,138.25292,2015,1,0,"Secondary"
"Measles","Measles","Kazakhstan",43.71885,54.19707,2014,317,0,"Epidemic"
"Measles","Measles","Kazakhstan",47.45121,64.48289,2015,212,0,"Epidemic"
"Polio","Polio","Kenya",-0.02356,37.90619,2011,3,0,"Cluster"
"Polio","Polio","Kenya",-0.023559,37.01231,2009,13,0,"Cluster"
"Polio","Polio","Kenya",0.05426,40.30837,2013,14,0,"Cluster"
"Measles","Measles","Kenya",-0.05725,37.83897,2010,1279,0,"Epidemic"
"Measles","Measles","Kenya",1.58887,35.285,2012,500,3,"Epidemic"
"Measles","Measles","Kenya",0.18359,35.12688,2012,5,0,"Cluster"
"Measles","Measles","Kenya",0.78333,34.71667,2012,20,3,"Cluster"
"Measles","Measles","Kenya",-1.08333,35.86667,2012,346,0,"Epidemic"
"Measles","Measles","Kenya",-0.0418,37.94291,2009,1374,0,"Epidemic"
"Measles","Measles","Kenya",3.62682,36.00232,2014,21,0,"Isolated"
"Measles","Measles","Kyrgyzstan",42.09098,74.15086,2014,7031,0,"Epidemic"
"Measles","Measles","Kyrgyzstan",40.53,72.8,2015,7400,2,"Epidemic"
"Polio","Polio","Laos",18.436292,104.47233,2015,4,1,"Cluster"
"Other","Diptheria","Latvia",56.87964,24.60319,2015,27,0,"Cluster"
"Measles","Measles","Liberia",6.428055,-9.429499,2010,1341,34,"Epidemic"
"Measles","Measles","Liberia",6.99813,-9.47343,2015,2,0,"Cluster"
"Measles","Measles","Liberia",6.51519,-10.30489,2015,77,6,"Cluster"
"Measles","Measles","Liberia",7.49526,-10.08073,2015,11,11,"Cluster"
"Whooping Cough","Whooping Cough","Liberia",4.72589,-7.74167,2015,500,0,"Epidemic"
"Measles","Measles","Lesotho",-29.60999,28.23361,2010,2857,0,"Epidemic"
"Mumps","Mumps","Macedonia",41.608635,21.745275,2009,16352,0,"Epidemic"
"Measles","Measles","Macedonia",42.003812,21.452246,2011,678,0,"Epidemic"
"Polio","Polio","Madagascar",-20,47,2014,1,0,"Isolated"
"Polio","Polio","Madagascar",-20.937637,44.87871,2015,10,0,"Cluster"
"Measles","Measles","Malawi",-13.254308,36.301525,2010,77000,197,"Epidemic"
"Measles","Measles","Malawi",-13.28113,34.31228,2009,533,0,"Cluster"
"Measles","Measles","Malawi",-13.22942,34.32369,2008,19,0,"Cluster"
"Measles","Measles","Malaysia",4.21048,101.97577,2008,332,0,"Cluster"
"Measles","Measles","Malaysia",4.21048,101.97577,2009,56,0,"Cluster"
"Measles","Measles","Malaysia",4.21048,101.97577,2010,74,0,"Cluster"
"Measles","Measles","Malaysia",4.21048,101.97577,2011,1569,0,"Epidemic"
"Measles","Measles","Malaysia",4.21048,101.97577,2012,1223,0,"Epidemic"
"Measles","Measles","Malaysia",4.210484,101.975766,2015,794,2,"Epidemic"
"Polio","Polio","Mali",19.14517,-1.05469,2011,7,0,"Cluster"
"Measles","Measles","Mali",17.570692,-3.996166,2010,1990,0,"Epidemic"
"Measles","Measles","Mali",17.58193,-3.92495,2009,3086,0,"Epidemic"
"Polio","Polio","Mali",12.6392316,-8.00288920000003,2015,2,0,"Secondary"
"Measles","Measles","Mauritania",21.00789,-10.94084,2010,863,9,"Epidemic"
"Measles","Measles","Mexico",21.018111,-101.25832,2011,1,0,"Isolated"
"Measles","Measles","Mexico",24.26694,-98.836275,2011,2,0,"Cluster"
"Measles","Measles","Mexico",31.74777,-115.66517,2015,1,0,"Secondary"
"Measles","Measles","Mongolia",46.8625,103.84666,2015,17850,0,"Epidemic"
"Measles","Measles","Mozambique",-18.6657,35.52956,2010,2318,0,"Epidemic"
"Polio","Polio","Myanmar",21.913965,95.956223,2011,1,0,"Isolated"
"Measles","Measles","Myanmar",23.16056,97.91016,2012,40,0,"Epidemic"
"Polio","Polio","Myanmar",19.81009,93.98784,2015,2,0,"Isolated"
"Measles","Measles","Namibia",-17.7836,15.6994,2013,30,0,"Cluster"
"Measles","Measles","Namibia",-17.59793,16.81784,2012,10,0,"Cluster"
"Measles","Measles","Namibia",-22.97238,18.55453,2010,2242,0,"Epidemic"
"Measles","Measles","Namibia",-22.95764,18.49041,2009,2222,0,"Epidemic"
"Measles","Measles","Nepal",26.876192,85.80766,2011,400,0,"Epidemic"
"Polio","Polio","Nepal",27.20364,87.81567,2015,4,0,"Cluster"
"Measles","Measles","Netherlands",51.49403,3.84968,2013,2016,1,"Epidemic"
"Measles","Measles","Netherlands",52.13263,5.29127,2011,2,0,"Cluster"
"Mumps","Mumps","Netherlands",52.132633,5.291266,2009,172,0,"Epidemic"
"Measles","Measles","Netherlands",52.090142,4.065843,2008,34,0,"Cluster"
"Whooping Cough","Whooping Cough","Netherlands",52.43878,6.50164,2014,12868,0,"Epidemic"
"Whooping Cough","Whooping Cough","New Zealand",-44.55916,170.2002,2012,328,0,"Epidemic"
"Measles","Measles","New Zealand",-36.87797,174.57962,2011,75,0,"Epidemic"
"Measles","Measles","New Zealand",-36.00846,175.01532,2010,30,0,"Cluster"
"Measles","Measles","New Zealand",-40.6655,175.55555,2013,104,0,"Epidemic"
"Measles","Measles","New Zealand",-36.84846,174.76333,2014,105,0,"Epidemic"
"Rubella","Rubella","New Zealand",-39.84846,174.65201,2011,2,0,"Cluster"
"Whooping Cough","Whooping Cough","New Zealand",-43.754227,171.163725,2010,15,0,"Secondary"
"Measles","Measles","New Zealand",-39.771162,177.04313,2011,12,0,"Secondary"
"Whooping Cough","Whooping Cough","New Zealand",-41.27063,173.28397,2011,67,0,"Epidemic"
"Rubella","Rubella","New Zealand",-35.579546,173.762405,2011,1,0,"Isolated"
"Measles","Measles","New Zealand",-44.82801,169.63453,2011,2,0,"Secondary"
"Measles","Measles","New Zealand",-45.48489,170.71489,2011,1,0,"Isolated"
"Measles","Measles","New Zealand",-41.1339,174.8406,2012,3,0,"Cluster"
"Measles","Measles","New Zealand",-45.80201,168.2309,2011,3,0,"Cluster"
"Measles","Measles","New Zealand",-41.28643,174.77624,2011,4,0,"Cluster"
"Measles","Measles","New Zealand",-38.05943,175.43756,2014,281,0,"Epidemic"
"Measles","Measles","New Zealand",-36.84846,174.76333,2015,1,0,"Isolated"
"Measles","Measles","New Zealand",-40.35231,175.6082,2015,3,0,"Isolated"
"Whooping Cough","Whooping Cough","New Zealand",-45.15267,169.89263,2015,200,0,"Epidemic"
"Measles","Measles","New Zealand",-42.40082,173.68139,2015,1,0,"Secondary"
"Measles","Measles","New Zealand",-36.84846,174.76333,2016,3,0,"Cluster"
"Whooping Cough","Whooping Cough","Nicaragua",14.050776,-85.106437,2009,70,4,"Epidemic"
"Measles","Measles","Niger",17.607789,8.081666,2010,352,1,"Epidemic"
"Measles","Measles","Niger",13.512668,2.112516,2011,1630,0,"Epidemic"
"Polio","Polio","Niger",18.22935,10.45898,2011,5,0,"Cluster"
"Polio","Polio","Niger",18.81272,11.51367,2012,1,0,"Isolated"
"Polio","Polio","Niger",14.901,5.26667,2013,1,0,"Isolated"
"Measles","Measles","Niger",17.607789,8.081666,2015,109,5,"Epidemic"
"Measles","Measles","Nigeria",9.05582,8.62667,2008,9415,0,"Epidemic"
"Measles","Measles","Nigeria",9.04361,8.64967,2009,4800,0,"Epidemic"
"Measles","Measles","Nigeria",8.000042,5.675277,2010,14028,26,"Epidemic"
"Measles","Measles","Nigeria",9.6874,7.64648,2011,18843,0,"Epidemic"
"Measles","Measles","Nigeria",11.7383,6.02051,2012,471,102,"Epidemic"
"Measles","Measles","Nigeria",11.67812,4.06955,2012,229,5,"Epidemic"
"Measles","Measles","Nigeria",8.9719,4.57031,2013,36428,198,"Epidemic"
"Measles","Measles","Nigeria",2.54756,9.01244,2014,1260,9,"Epidemic"
"Measles","Measles","Nigeria",4.867777,5.898714,2014,9,0,"Epidemic"
"Measles","Measles","Nigeria",9.32505,12.43806,2015,17,0,"Cluster"
"Polio","Polio","Nigeria",10.00243,8.99999,2010,3,0,"Secondary"
"Polio","Polio","Nigeria",9.34067,8.25348,2011,62,0,"Epidemic"
"Polio","Polio","Nigeria",10.51667,7.43333,2012,121,0,"Epidemic"
"Polio","Polio","Nigeria",12.12052,13.17403,2013,51,0,"Epidemic"
"Polio","Polio","Nigeria",9,9,2014,26,0,"Epidemic"
"Other","Cerebrospinal Meningitis","Nigeria",12.187141,11.706829,2011,51,4,"Epidemic"
"Other","Cerebrospinal Meningitis","Nigeria",9.187141,11.706829,2010,322,22,"Epidemic"
"Measles","Measles","Nigeria",9.0764785,7.398574,2015,41,11,"Epidemic"
"Measles","Measles","Nigeria",11.6781241,4.0695454,2015,329,3,"Epidemic"
"Measles","Measles","Nigeria",12.5139317,7.6114217,2015,2781,203,"Epidemic"
"Measles","Measles","Nigeria",7.37754,3.94704,2016,28,5,"Epidemic"
"Measles","Measles","Norway",60.47202,8.46895,2011,33,0,"Cluster"
"Mumps","Mumps","Norway",60.472024,8.468946,2015,80,0,"Epidemic"
"Measles","Measles","North Korea",40.1,124.4,2014,3,3,"Cluster"
"Polio","Polio","Pakistan",27.09825,66.18164,2010,144,0,"Epidemic"
"Polio","Polio","Pakistan",27.09825,66.18164,2011,198,0,"Epidemic"
"Polio","Polio","Pakistan",28.53627,67.23633,2012,58,0,"Epidemic"
"Polio","Polio","Pakistan",28.61346,63.7207,2013,85,0,"Epidemic"
"Polio","Polio","Pakistan",30.37532,69.34512,2014,356,0,"Epidemic"
"Measles","Measles","Pakistan",26.724409,67.769547,2010,11,11,"Epidemic"
"Measles","Measles","Pakistan",28.0332,64.73145,2011,4386,0,"Epidemic"
"Measles","Measles","Pakistan",28.24006,69.18523,2012,45,45,"Cluster"
"Measles","Measles","Pakistan",34.95262,72.33111,2012,648,0,"Epidemic"
"Measles","Measles","Pakistan",25.81473,68.57666,2013,20,20,"Epidemic"
"Measles","Measles","Pakistan",25.8943,68.52471,2013,43,0,"Cluster"
"Measles","Measles","Pakistan",25.82462,67.8186,2013,246,246,"Epidemic"
"Measles","Measles","Pakistan",25.2745,67.56592,2012,2475,0,"Epidemic"
"Measles","Measles","Pakistan",25.8943,68.52471,2012,737,27,"Epidemic"
"Measles","Measles","Pakistan",25.8943,68.52471,2014,2,2,"Cluster"
"Measles","Measles","Pakistan",31.17041,72.70972,2012,582,0,"Epidemic"
"Measles","Measles","Pakistan",28.49073,65.09578,2012,102,0,"Epidemic"
"Measles","Measles","Pakistan",32.66748,69.85974,2012,49,0,"Epidemic"
"Measles","Measles","Pakistan",33.71815,73.06055,2012,14,0,"Epidemic"
"Measles","Measles","Pakistan",32.32024,70.27506,2012,70,13,"Epidemic"
"Measles","Measles","Pakistan",34.33333,73.20001,2012,2,2,"Cluster"
"Measles","Measles","Pakistan",32.98374,70.29053,2012,5,5,"Cluster"
"Measles","Measles","Pakistan",35.47824,72.5885,2012,100,0,"Epidemic"
"Measles","Measles","Pakistan",32.66748,67.8721,2012,25,2,"Epidemic"
"Measles","Measles","Pakistan",34.21722,71.55556,2012,3,3,"Cluster"
"Measles","Measles","Pakistan",33.6058,73.04375,2013,23,0,"Cluster"
"Measles","Measles","Pakistan",30.19019,71.45802,2013,40,0,"Cluster"
"Measles","Measles","Pakistan",32.15001,74.18333,2013,6,0,"Cluster"
"Measles","Measles","Pakistan",27.91677,67.0166,2013,25401,146,"Epidemic"
"Measles","Measles","Pakistan",30.2389,71.48666,2013,5,0,"Cluster"
"Measles","Measles","Pakistan",33.63663,73.06732,2013,59,0,"Cluster"
"Measles","Measles","Pakistan",31.17041,72.70972,2013,146,146,"Cluster"
"Measles","Measles","Pakistan",31.47532,69.34512,2014,1329,0,"Epidemic"
"Measles","Measles","Pakistan",28.49073,65.09578,2014,400,6,"Cluster"
"Measles","Measles","Pakistan",25.67849,68.50236,2014,2,2,"Cluster"
"Rubella","Rubella","Pakistan",24.75789,67.92614,2014,100,48,"Epidemic"
"Whooping Cough","Whooping Cough","Pakistan",29.03333,69.15,2015,13,13,"Epidemic"
"Measles","Measles","Pakistan",34.5654944,71.4774291,2015,2,2,"Cluster"
"Polio","Polio","Pakistan",34.0149748,71.5804899,2015,54,0,"Epidemic"
"Other","Diptheria","Pakistan",31.17041,72.70972,2015,26,7,"Epidemic"
"Polio","Polio","Pakistan",24.86146,67.00994,2016,1,0,"Isolated"
"Polio","Polio","Pakistan",34.01586,71.97545,2016,1,0,"Isolated"
"Polio","Polio","Pakistan",30.22022,66.97239,2016,1,0,"Isolated"
"Measles","Measles","Panama",8.537981,-80.782127,2011,3,0,"Secondary"
"Measles","Measles","Papua New Guinea",-6.31499,143.95555,2013,2,0,"Isolated"
"Measles","Measles","Papua New Guinea",-4.98497,145.13758,2014,1703,10,"Epidemic"
"Measles","Measles","Philippines",12.87972,121.77402,2008,874,0,"Epidemic"
"Measles","Measles","Philippines",12.87972,121.77402,2009,1485,0,"Epidemic"
"Measles","Measles","Philippines",12.87972,121.77402,2012,672,0,"Epidemic"
"Measles","Measles","Philippines",13.546421,121.774017,2010,1794,0,"Epidemic"
"Measles","Measles","Philippines",14.60905,121.02226,2013,1724,75,"Epidemic"
"Measles","Measles","Philippines",10.3157,123.88544,2014,11,0,"Cluster"
"Other","Typhoid Fever","Philippines",10.3157,123.88544,2012,999,4,"Epidemic"
"Measles","Measles","Philippines",10.64074,122.96896,2012,51,0,"Epidemic"
"Measles","Measles","Philippines",11.70611,122.36444,2013,15,0,"Cluster"
"Measles","Measles","Philippines",16.437496,121.07937,2010,476,0,"Epidemic"
"Measles","Measles","Philippines",13.71004,122.31079,2011,6538,0,"Epidemic"
"Measles","Measles","Philippines",12.87972,121.77402,2014,58010,110,"Epidemic"
"Measles","Measles","Philippines",11.20363,122.56503,2015,2231,2,"Epidemic"
"Measles","Measles","Poland",51.919438,19.145136,2009,214,0,"Epidemic"
"Measles","Measles","Poland",52.22968,21.01223,2012,49,0,"Cluster"
"Rubella","Rubella","Poland",52.50953,16.12793,2012,5403,0,"Epidemic"
"Rubella","Rubella","Poland",53.35931,20.41955,2013,39122,0,"Epidemic"
"Measles","Measles","Portugal",39.399872,-8.224454,2008,1,0,"Isolated"
"Polio","Polio","Republic of Congo",-0.228021,15.827659,2010,184,85,"Epidemic"
"Measles","Measles","Republic of Congo",-4.26667,15.28333,2013,900,0,"Epidemic"
"Measles","Measles","Romania",45.94316,24.96676,2011,4189,0,"Epidemic"
"Measles","Measles","Romania",45.70618,26.08154,2012,4154,0,"Epidemic"
"Rubella","Rubella","Romania",46.87521,25.75195,2012,24272,0,"Epidemic"
"Polio","Polio","Russia",61.52401,105.318756,2010,7,0,"Secondary"
"Measles","Measles","Russia",48.70001,44.51667,2012,100,1,"Epidemic"
"Measles","Measles","Russia",54.603507,127.480172,2010,55,0,"Epidemic"
"Measles","Measles","Russia",44.82292,40.17545,2013,11,0,"Isolated"
"Measles","Measles","Russia",46.354889,48.052719,2011,17,0,"Cluster"
"Measles","Measles","Russia",46.36667,48.08333,2013,148,0,"Epidemic"
"Measles","Measles","Russia",43.40233,45.71875,2012,25,0,"Cluster"
"Measles","Measles","Russia",55.17453,61.42668,2013,38,0,"Cluster"
"Measles","Measles","Russia",56.83333,53.18333,2012,6,0,"Cluster"
"Measles","Measles","Russia",42.14319,47.09498,2013,120,0,"Cluster"
"Measles","Measles","Russia",55.98644,37.20211,2013,20,0,"Cluster"
"Measles","Measles","Russia",55.75124,37.61842,2013,136,0,"Epidemic"
"Measles","Measles","Russia",54.78333,32.05,2013,3,0,"Cluster"
"Measles","Measles","Russia",56.82418,53.19432,2013,12,0,"Secondary"
"Other","Meningitis","Russia",54.70001,20.5,2010,10,0,"Cluster"
"Measles","Measles","Russia",56.001251,92.88559,2011,9,0,"Cluster"
"Measles","Measles","Russia",56.001251,92.88559,2009,3,0,"Secondary"
"Measles","Measles","Russia",51.7634,35.38118,2014,78,0,"Cluster"
"Other","Streptococcus suis","Russia",55.755786,37.617633,2010,930,0,"Epidemic"
"Measles","Measles","Russia",68.99307,33.11845,2012,2,0,"Cluster"
"Measles","Measles","Russia",57.18333,39.41667,2011,21,0,"Cluster"
"Other","Chicken Pox","Russia",54.62466,39.738571,2009,2304,0,"Epidemic"
"Measles","Measles","Russia",58.05001,38.83333,2012,9,0,"Cluster"
"Measles","Measles","Russia",60.07624,30.12138,2012,31,0,"Cluster"
"Measles","Measles","Russia",45.05001,41.96667,2013,27,0,"Cluster"
"Measles","Measles","Russia",55.18024,50.72639,2013,720,0,"Epidemic"
"Measles","Measles","Russia",51.65001,39.2,2011,5,0,"Cluster"
"Measles","Measles","Russia",47.68532,41.8259,2014,185,0,"Cluster"
"Measles","Measles","Russia",66.06531,76.93452,2014,16,0,"Cluster"
"Measles","Measles","Russia",53.97934,47.77624,2014,1,0,"Isolated"
"Measles","Measles","Russia",59.93428,30.3351,2014,16,0,"Cluster"
"Measles","Measles","Russia",51.7184,36.17648,2014,219,0,"Cluster"
"Measles","Measles","Russia",50.58709,86.87345,2014,32,0,"Epidemic"
"Measles","Measles","Russia",42.14319,47.35316,2014,526,0,"Epidemic"
"Measles","Measles","Russia",57.16667,65.5,2014,38,0,"Epidemic"
"Measles","Measles","Russia",60.94312,76.54337,2014,10,0,"Epidemic"
"Measles","Measles","Russia",62.1873,92.66251,2011,0,0,"Epidemic"
"Measles","Measles","Russia",55.75583,37.6173,2015,15,0,"Epidemic"
"Measles","Measles","Rwanda",-2.662764,29.464359,2010,2,0,"Cluster"
"Other","Typhoid Fever","Samoa",-13.91341,-171.73494,2012,10,0,"Cluster"
"Measles","Measles","Senegal",13.98738,-12.86499,2010,560,0,"Epidemic"
"Measles","Measles","Senegal",14.4974,-14.45236,2009,1429,0,"Epidemic"
"Polio","Polio","Senegal",15.497401,-14.452362,2010,18,0,"Cluster"
"Measles","Measles","Serbia",44.016521,21.005859,2011,300,0,"Epidemic"
"Mumps","Mumps","Serbia",45.26223,19.85186,2012,119,0,"Epidemic"
"Other","Cholera","Sierra Leone",8.84165,-11.72241,2012,10800,176,"Epidemic"
"Measles","Measles","Sierra Leone",8.460555,-11.779889,2010,351,1,"Epidemic"
"Measles","Measles","Sierra Leone",8.76633,-10.89031,2015,5,0,"Epidemic"
"Measles","Measles","Singapore",1.35208,103.81984,2008,18,0,"Cluster"
"Measles","Measles","Singapore",1.35208,103.81984,2009,16,0,"Cluster"
"Measles","Measles","Singapore",1.35208,103.81984,2010,54,0,"Cluster"
"Measles","Measles","Singapore",1.35208,103.81984,2011,143,0,"Cluster"
"Measles","Measles","Singapore",1.35208,103.81984,2012,21,0,"Cluster"
"Measles","Measles","Singapore",1.28009,103.85095,2014,7,0,"Isolated"
"Measles","Measles","Singapore",1.28009,103.85095,2014,99,0,"Epidemic"
"Measles","Measles","Slovenia",45.95498,13.6493,2014,44,0,"Cluster"
"Measles","Measles","Slovenia",46.151241,14.995463,2010,3,0,"Secondary"
"Rubella","Rubella","Solomon Islands",-9.64571,160.15619,2012,6,0,"Cluster"
"Measles","Measles","Solomon Islands",-9.43509,159.95124,2014,3802,7,"Epidemic"
"Measles","Measles","Somalia",9.98699,45.29939,2013,52,0,"Cluster"
"Measles","Measles","Somalia",5.15215,46.19962,2012,4288,0,"Epidemic"
"Measles","Measles","Somalia",5.152149,46.199616,2011,17298,0,"Epidemic"
"Measles","Measles","Somalia",2.716667,44.516667,2010,30,19,"Epidemic"
"Measles","Measles","Somalia",0.51556,42.07333,2014,2350,0,"Epidemic"
"Polio","Polio","Somalia",2.03333,45.35001,2013,183,0,"Epidemic"
"Polio","Polio","Somalia",2.03333,45.35001,2014,5,0,"Epidemic"
"Other","Diptheria","South Africa",-29.85868,31.02184,2015,15,4,"Epidemic"
"Measles","Measles","South Africa",-30.50977,23.00168,2010,24393,0,"Epidemic"
"Measles","Measles","South Africa",-32.84267,26.19141,2009,2510,0,"Epidemic"
"Measles","Measles","South Africa",-30.55058,23.01833,2008,36,0,"Cluster"
"Measles","Measles","South Africa",-33.92487,21.85686,2014,49,0,"Epidemic"
"Measles","Measles","Sudan",15.7661969,24.9042208,2012,77,0,"Epidemic"
"Measles","Measles","Sudan",14.37827,24.904222,2015,3000,43,"Epidemic"
"Whooping Cough","Whooping Cough","Sudan",15.7661969,24.9042208,2015,410,0,"Epidemic"
"Measles","Measles","Sudan",12,30.75,2015,70,7,"Epidemic"
"Measles","Measles","South Sudan",8.927721,29.788925,2011,91,4,"Epidemic"
"Polio","Polio","South Sudan",8.53604,26.79678,2013,3,0,"Isolated"
"Polio","Polio","South Sudan",9.2333333,29.8333333,2014,1,0,"Isolated"
"Measles","Measles","South Sudan",5.97291,28.82956,2014,20,0,"Epidemic"
"Measles","Measles","South Sudan",10.07181,33.04635,2015,6,2,"Cluster"
"Measles","Measles","South Sudan",4.85936,31.57125,2015,9,0,"Cluster"
"Measles","Measles","Spain",40.463667,-3.74922,2010,65,0,"Epidemic"
"Measles","Measles","Spain",37.176487,-3.597929,2010,46,0,"Epidemic"
"Measles","Measles","Spain",42.19597,-4.83398,2011,3802,0,"Epidemic"
"Measles","Measles","Spain",37.85751,-2.8125,2012,735,0,"Epidemic"
"Measles","Measles","Spain",38.48584,-0.57129,2012,178,0,"Epidemic"
"Measles","Measles","Spain",39.69526,3.01757,2013,12,0,"Cluster"
"Measles","Measles","Spain",41.59116,1.52086,2014,102,0,"Cluster"
"Mumps","Mumps","Spain",41.9818,2.8237,2012,148,0,"Epidemic"
"Mumps","Mumps","Spain",43.55571,-5.92764,2012,131,0,"Epidemic"
"Mumps","Mumps","Spain",43.18665,-5.91408,2012,150,0,"Epidemic"
"Mumps","Mumps","Spain",42.49235,-8.37158,2013,193,0,"Epidemic"
"Rubella","Rubella","Spain",41.04894,-0.13063,2012,17,0,"Cluster"
"Rubella","Rubella","Spain",41.37681,-4.57031,2012,58,0,"Cluster"
"Other","Diptheria","Spain",41.59116,1.51224,2015,1,0,"Isolated"
"Whooping Cough","Whooping Cough","Spain",40.463667,-3.74922,2015,4822,3,"Epidemic"
"Whooping Cough","Whooping Cough","Spain",40.63249,-3.16017,2016,4,0,"Isolated"
"Measles","Measles","Sudan",18.92283,32.13828,2012,37,0,"Cluster"
"Measles","Measles","Sudan",17.30869,29.9707,2011,5616,0,"Epidemic"
"Measles","Measles","Sudan",12.0558,24.89041,2013,4,4,"Cluster"
"Measles","Measles","Sudan",14.37827,24.90422,2013,2,2,"Cluster"
"Measles","Measles","Sudan",12,30.75,2015,1800,803,"Epidemic"
"Whooping Cough","Whooping Cough","Sudan",15.7662,24.90422,2013,58,2,"Epidemic"
"Measles","Measles","Swaziland",-26.522503,31.465866,2010,281,0,"Epidemic"
"Measles","Measles","Sweden",60.12816,18.6435,2012,32,0,"Cluster"
"Measles","Measles","Sweden",59.26869,18.01208,2013,10,0,"Cluster"
"Measles","Measles","Sweden",59.55415,16.53413,2015,1,0,"Isolated"
"Rubella","Rubella","Sweden",60.41385,15.0293,2012,51,0,"Cluster"
"Other","Diptheria","Sweden",60.12816,18.6435,2015,2,0,"Cluster"
"Measles","Measles","Switzerland",46.818188,8.227512,2011,515,0,"Epidemic"
"Measles","Measles","Switzerland",46.991313,7.536765,2011,58,0,"Epidemic"
"Measles","Measles","Switzerland",46.561313,6.536765,2009,22,0,"Cluster"
"Measles","Measles","Syria",35.82688,36.69572,2013,7000,0,"Epidemic"
"Measles","Measles","Syria",34.80207,38.99681,2012,13,0,"Cluster"
"Polio","Polio","Syria",35.33333,40.15001,2013,17,0,"Epidemic"
"Polio","Polio","Syria",36.12634,39.78783,2014,1,0,"Isolated"
"Other","Typhoid","Syria",33.48006,36.30098,2015,6,0,"Cluster"
"Other","Typhoid","Syria",33.4645624,36.3200091,2015,9,0,"Cluster"
"Other","Typhoid","Syria",33.4702172,36.2996838,2015,90,0,"Epidemic"
"Measles","Measles","Taiwan",23.69781,120.960515,2010,12,0,"Cluster"
"Rubella","Rubella","Taiwan",23.009781,120.960515,2011,1,0,"Isolated"
"Measles","Measles","Taiwan",25.091075,121.559834,2011,3,0,"Secondary"
"Measles","Measles","Taiwan",23.69781,120.96052,2013,2,0,"Isolated"
"Measles","Measles","Taiwan",23.69781,120.96051,2014,26,0,"Epidemic"
"Measles","Measles","Taiwan",25.06894,121.5909,2015,7,0,"Cluster"
"Rubella","Rubella","Taiwan",24.7094,121.39585,2014,6,0,"Epidemic"
"Rubella","Rubella","Taiwan",22.8203,120.63973,2015,1,2,"Cluster"
"Other","H7N9 Avian Flu","Taiwan",23.69781,120.960515,2015,1,0,"Seconday"
"Polio","Polio","Tajikistan",38.861034,71.276093,2010,430,19,"Epidemic"
"Measles","Measles","Tanzania",-6.36903,34.88882,2011,70,0,"Epidemic"
"Measles","Measles","Tanzania",-6.369028,33.5646,2011,650,20,"Epidemic"
"Measles","Measles","Tanzania",-7.85794,34.64539,2010,1086,0,"Epidemic"
"Measles","Measles","Togo",8.619543,0.824782,2010,295,0,"Epidemic"
"Measles","Measles","Tonga",-21.13333,-175.2,2014,400,0,"Cluster"
"Measles","Measles","Turkey",41.00527,28.97696,2011,80,0,"Epidemic"
"Measles","Measles","Turkey",39.92077,32.85411,2013,6983,0,"Epidemic"
"Whooping Cough","Whooping Cough","UK",52.13066,-3.78371,2012,2466,5,"Epidemic"
"Whooping Cough","Whooping Cough","UK",54.80068,-2.0874,2012,1080,0,"Epidemic"
"Other","Diptheria","UK",52.019029,-0.770427,2010,3,0,"Secondary"
"Rubella","Rubella","UK",51.08952,-1.21684,2012,14,0,"Cluster"
"Rubella","Rubella","UK",53.09402,-1.58203,2012,65,0,"Cluster"
"Mumps","Mumps","UK",51.746774,-2.225786,2008,10,0,"Cluster"
"Mumps","Mumps","UK",53.26928,-4.321285,2009,23,0,"Cluster"
"Mumps","Mumps","UK",50.370381,-4.142653,2009,46,0,"Epidemic"
"Mumps","Mumps","UK",50.798914,-1.091163,2009,66,0,"Epidemic"
"Mumps","Mumps","UK",52.469978,-3.830377,2009,26,0,"Cluster"
"Mumps","Mumps","UK",56.490671,-4.202646,2009,9,0,"Cluster"
"Mumps","Mumps","UK",54.577232,-2.797483,2009,12,0,"Cluster"
"Mumps","Mumps","UK",50.942297,-0.037438,2010,112,0,"Epidemic"
"Mumps","Mumps","UK",53.217882,-0.19997,2009,43,0,"Epidemic"
"Mumps","Mumps","UK",52.063422,-0.449777,2009,61,0,"Epidemic"
"Mumps","Mumps","UK",56.41041,-5.469723,2011,119,0,"Epidemic"
"Mumps","Mumps","UK",53.969009,-2.627691,2011,47,0,"Epidemic"
"Mumps","Mumps","UK",53.480713,-2.234377,2011,35,0,"Cluster"
"Mumps","Mumps","UK",51.260145,0.55528,2011,10,0,"Cluster"
"Mumps","Mumps","UK",51.500152,-0.126236,2011,4,0,"Secondary"
"Mumps","Mumps","UK",55.86424,-4.25181,2012,30,0,"Cluster"
"Mumps","Mumps","UK",54.23611,-4.54806,2012,196,0,"Epidemic"
"Mumps","Mumps","UK",51.75202,-1.25773,2013,3,0,"Isolated"
"Mumps","Mumps","UK",51.75279,-1.25519,2014,18,0,"Cluster"
"Mumps","Mumps","UK",52.62847,-1.12085,2014,847,0,"Epidemic"
"Mumps","Mumps","UK",52.62847,-2.26231,2014,364,0,"Epidemic"
"Measles","Measles","UK",55.378051,-3.435973,2008,1049,0,"Epidemic"
"Measles","Measles","UK",52.267135,-1.467522,2008,12,0,"Cluster"
"Measles","Measles","UK",52.469978,-3.830377,2009,207,0,"Epidemic"
"Measles","Measles","UK",55.208254,-2.078414,2009,110,0,"Epidemic"
"Measles","Measles","UK",50.63185,-3.38242,2010,33,0,"Cluster"
"Measles","Measles","UK",52.119508,5.194365,2011,275,0,"Epidemic"
"Measles","Measles","UK",56.490671,-4.202646,2011,22,0,"Cluster"
"Measles","Measles","UK",51.65849,-3.97441,2013,1219,1,"Epidemic"
"Measles","Measles","UK",55.36409,-3.44842,2012,2016,0,"Epidemic"
"Measles","Measles","UK",51.74677,-2.22579,2013,62,0,"Cluster"
"Measles","Measles","UK",54.68364,-1.82018,2013,434,0,"Epidemic"
"Measles","Measles","UK",52.13066,-3.78371,2013,1257,1,"Epidemic"
"Measles","Measles","UK",51.66517,-3.77165,2013,36,0,"Epidemic"
"Measles","Measles","UK",54.5503,-1.21659,2013,2,0,"Isolated"
"Measles","Measles","UK",54.06276,-2.87189,2013,75,0,"Epidemic"
"Measles","Measles","UK",51.74677,-2.22579,2013,62,0,"Epidemic"
"Measles","Measles","UK",54.98642,-1.41899,2013,19,0,"Epidemic"
"Measles","Measles","UK",52.14309,-3.37368,2013,41,0,"Epidemic"
"Measles","Measles","UK",50.89362,-0.20681,2013,2,0,"Cluster"
"Measles","Measles","UK",56.23114,-4.46045,2013,66,0,"Epidemic"
"Measles","Measles","UK",56.20821,-3.14952,2013,19,0,"Cluster"
"Measles","Measles","UK",52.35552,-1.17432,2013,1385,0,"Epidemic"
"Measles","Measles","UK",52.36799,-1.12085,2014,70,0,"Epidemic"
"Measles","Measles","UK",55.37805,-3.435973,2014,707,0,"Epidemic"
"Measles","Measles","UK",52.62847,-2.26231,2014,11,0,"Cluster"
"Measles","Measles","UK",51.61995,-3.8142,2014,2,0,"Cluster"
"Measles","Measles","UK",51.63495,-3.9153,2014,5,0,"Isolated"
"Measles","Measles","UK",52.13066,-3.78371,2015,543,0,"Epidemic"
"Measles","Measles","USA",42.40721,-71.38244,2010,2,0,"Secondary"
"Measles","Measles","USA",37.09024,-95.712891,2011,98,0,"Epidemic"
"Measles","Measles","USA",30.61118,-90.00299,2014,1,0,"Isolated"
"Whooping Cough","Whooping Cough","USA",30.69537,-88.03989,2014,15,0,"Cluster"
"Whooping Cough","Whooping Cough","USA",64.83778,-147.71639,2014,130,0,"Epidemic"
"Measles","Measles","USA",64.83778,-147.71596,2015,1,0,"Secondary"
"Whooping Cough","Whooping Cough","USA",34.04893,-111.09373,2013,12000,0,"Epidemic"
"Whooping Cough","Whooping Cough","USA",33.44838,-112.07404,2012,1,1,"Isolated"
"Measles","Measles","USA",34.04893,-111.09373,2012,1,0,"Isolated"
"Measles","Measles","USA",33.44838,-112.07404,2014,1,0,"Isolated"
"Measles","Measles","USA",35.0313,-110.47163,2015,7,0,"Secondary"
"Whooping Cough","Whooping Cough","USA",33.24056,-109.283153,2015,8,0,"Cluster"
"Measles","Measles","USA",35.20523,-91.82562,2012,2,0,"Cluster"
"Measles","Measles","USA",36.778261,-119.417932,2011,28,0,"Secondary"
"Measles","Measles","USA",34.17053,-118.53234,2012,2,0,"Cluster"
"Measles","Measles","USA",37.85341,-121.9018,2014,4,0,"Isolated"
"Measles","Measles","USA",33.95335,-117.39616,2014,3,0,"Isolated"
"Measles","Measles","USA",37.56299,-122.32553,2014,5,0,"Isolated"
"Measles","Measles","USA",37.60169,-121.71955,2014,4,0,"Cluster"
"Measles","Measles","USA",34.38718,-118.11227,2014,10,0,"Isolated"
"Measles","Measles","USA",37.35411,-121.95524,2014,1,0,"Cluster"
"Measles","Measles","USA",36.60024,-121.89468,2014,2,0,"Cluster"
"Measles","Measles","USA",33.71747,-117.83114,2014,22,0,"Isolated"
"Measles","Measles","USA",32.71533,-117.15726,2014,6,0,"Isolated"
"Measles","Measles","USA",33.94159,-118.40853,2014,4,0,"Cluster"
"Measles","Measles","USA",33.81049,-117.919,2015,129,0,"Epidemic"
"Measles","Measles","USA",37.87159,-122.27275,2015,1,0,"Isolated"
"Measles","Measles","USA",40.56811,-74.59502,2013,1,0,"Isolated"
"Whooping Cough","Whooping Cough","USA",39.9652553,-74.3118212,2015,3,0,"Secondary"
"Measles","Measles","USA",38.75408,-96.06445,2013,175,0,"Cluster"
"Mumps","Mumps","USA",36.778261,-119.7932,2010,9,0,"Cluster"
"Mumps","Mumps","USA",37.87533,-122.24556,2012,29,0,"Cluster"
"Whooping Cough","Whooping Cough","USA",36.888261,-119.417932,2010,5270,9,"Epidemic"
"Whooping Cough","Whooping cough","USA",37.46738,-126.339112,2014,10831,1,"Epidemic"
"Whooping Cough","Whooping cough","USA",37.91759,-121.17104,2015,23,2,"Cluster"
"Other","Typhoid","USA",37.76922,-122.44814,2013,1,0,"Isolated"
"Measles","Measles","USA",41.14084,-73.26126,2014,2,0,"Isolated"
"Measles","Measles","USA",41.32669,-72.80428,2014,1,0,"Isolated"
"Other","Meningitis","USA",39.550051,-105.782067,2010,5,2,"Secondary"
"Whooping Cough","Whooping Cough","USA",39.64026,-106.3742,2012,1510,0,"Epidemic"
"Whooping Cough","Whooping Cough","USA",40.53713,-102.34639,2013,14,0,"Cluster"
"Whooping Cough","Whooping Cough","USA",40.5266,-104.48,2014,116,0,"Epidemic"
"Measles","Measles","USA",39.52806,-104.86972,2013,2,0,"Cluster"
"Measles","Measles","USA",39.64026,-106.3742,2015,1,0,"Secondary"
"Measles","Measles","USA",38.92028,-77.03344,2015,2,0,"Cluster"
"Measles","Measles","USA",39.29067,-75.63437,2012,1,0,"Isolated"
"Whooping Cough","Whooping Cough","USA",39.14406,-75.43447,2014,48,0,"Cluster"
"Measles","Measles","USA",39.5393,-75.66736,2015,1,0,"Isolated"
"Measles","Measles","USA",27.664827,-81.015754,2011,1,0,"Isolated"
"Measles","Measles","USA",27.664827,-81.515754,2013,5,0,"Secondary"
"Measles","Measles","USA",28.71317,-81.20782,2013,2,0,"Isolated"
"Measles","Measles","USA",26.1901,-80.36586,2013,1,0,"Isolated"
"Measles","Measles","USA",28.53834,-81.37924,2013,1,0,"Isolated"
"Measles","Measles","USA",27.69477,-80.54384,2015,5,0,"Cluster"
"Whooping Cough","Whooping Cough","USA",26.1901,-80.36586,2012,4,0,"Cluster"
"Whooping Cough","Whooping Cough","USA",27.99036,-82.30177,2012,40,0,"Epidemic"
"Other","Chicken Pox","USA",27.664827,-81.515754,2010,41,0,"Epidemic"
"Whooping Cough","Whooping Cough","USA",32.157435,-82.907123,2010,247,0,"Epidemic"
"Measles","Measles","USA",32.17507,-82.8545,2015,1,0,"Isolated"
"Measles","Measles","USA",34.23585,-84.14351,2015,1,0,"Isolated"
"Measles","Measles","USA",36.90194,-89.82361,2011,1,0,"Isolated"
"Measles","Measles","USA",19.89677,-155.58278,2014,1,0,"Isolated"
"Measles","Measles","USA",22.0833,-159.5,2014,12,0,"Cluster"
"Whooping Cough","Whooping Cough","USA",44.068202,-114.742041,2010,77,0,"Epidemic"
"Whooping Cough","Whooping Cough","USA",42.58364,-112.14302,2012,1,1,"Isolated"
"Whooping Cough","Whooping Cough","USA",43.47877,-116.24203,2014,287,1,"Epidemic"
"Mumps","Mumps","USA",46.72881,-117.01261,2014,10,0,"Cluster"
"Mumps","Mumps","USA",43.61871,-116.21461,2015,21,0,"Epidemic"
"Whooping Cough","Whooping Cough","USA",42.30401,-88.4016,2012,313,0,"Epidemic"
"Whooping Cough","Whooping Cough","USA",38.90414,-89.92532,2012,19,0,"Cluster"
"Measles","Measles","USA",40.38851,-90.6773,2014,2,0,"Isolated"
"Measles","Measles","USA",39.78172,-89.65015,2015,15,0,"Cluster"
"Whooping Cough","Whooping Cough","USA",39.0108,-89.7878,2014,24,0,"Cluster"
"Mumps","Mumps","USA",40.5352293,-89.0143482,2015,16,0,"Cluster"
"Mumps","Mumps","USA",40.484864,-88.975651,2015,3,0,"Cluster"
"Mumps","Mumps","USA",40.101952,-88.227162,2015,101,0,"Epidemic"
"Measles","Measles","USA",40.551217,-85.602364,2011,14,0,"Cluster"
"Measles","Measles","USA",40.01062,-86.49965,2012,16,0,"Cluster"
"Measles","Measles","USA",39.1763,-86.53437,2013,1,0,"Isolated"
"Measles","Measles","USA",39.18514,-86.49965,2013,1,0,"Isolated"
"Whooping Cough","Whooping Cough","USA",40.551217,-85.602364,2010,500,2,"Epidemic"
"Whooping Cough","Whooping Cough","USA",38.60561,-86.10109,2015,3,0,"Epidemic"
"Other","Chicken Pox","USA",39.41654,-87.42075,2012,100,0,"Epidemic"
"Measles","Measles","USA",43.14507,-95.14432,2009,1,0,"Isolated"
"Measles","Measles","USA",41.878003,-93.097702,2011,1,0,"Isolated"
"Whooping Cough","Whooping Cough","USA",41.88618,-93.11531,2012,270,0,"Epidemic"
"Mumps","Mumps","USA",41.6699,-91.5984,2015,15,0,"Cluster"
"Measles","Measles","USA",37.97169,-100.87266,2012,6,0,"Cluster"
"Measles","Measles","USA",38.845412,-94.852064,2011,2,0,"Secondary"
"Measles","Measles","USA",38.84541,-94.85206,2014,27,0,"Cluster"
"Whooping Cough","Whooping Cough","USA",38.97167,-95.23525,2011,6,0,"Cluster"
"Whooping Cough","Whooping Cough","USA",38.84541,-94.85206,2013,491,0,"Epidemic"
"Whooping Cough","Whooping Cough","USA",38.36138,-98.76515,2014,1,1,"Isolated"
"Whooping Cough","Whooping Cough","USA",38.36138,-98.76515,2015,27,0,"Cluster"
"Whooping Cough","Whooping Cough","USA",37.95696,-98.04652,2015,41,0,"Epidemic"
"Whooping Cough","Whooping Cough","USA",39.0186719,-84.581888,2015,9,0,"Cluster"
"Whooping Cough","Whooping Cough","USA",44.76504,-69.71938,2012,80,0,"Epidemic"
"Whooping Cough","Whooping Cough","USA",43.38453,-70.54399,2014,6,0,"Cluster"
"Measles","Measles","USA",45.253783,-69.445469,2011,1,0,"Isolated"
"Measles","Measles","USA",39.045755,-76.641271,2009,4,0,"Secondary"
"Measles","Measles","USA",39.04575,-76.64127,2011,2,0,"Secondary"
"Whooping Cough","Whooping Cough","USA",39.03665,-76.64612,2012,133,0,"Epidemic"
"Mumps","Mumps","USA",39.34624,-76.61818,2013,12,0,"Cluster"
"Measles","Measles","USA",42.407211,-71.382437,2011,12,0,"Cluster"
"Mumps","Mumps","USA",42.358431,-71.059773,2009,9,0,"Secondary"
"Measles","Measles","USA",42.36009,-71.09416,2014,1,0,"Isolated"
"Measles","Measles","USA",42.27929,-71.41616,2014,2,0,"Isolated"
"Measles","Measles","USA",42.46721,-71.28742,2014,2,0,"Isolated"
"Measles","Measles","USA",42.12204,-72.60092,2014,1,0,"Isolated"
"Measles","Measles","USA",42.32509,-72.6412,2014,1,0,"Isolated"
"Measles","Measles","USA",42.35,-71.0818,2014,1,0,"Isolated"
"Whooping Cough","Whooping Cough","USA",42.32509,-72.6412,2013,52,0,"Cluster"
"Whooping Cough","Whooping Cough","USA",41.72,-70.25,2014,17,0,"Cluster"
"Measles","Measles","USA",44.314844,-85.602364,2011,1,0,"Isolated"
"Measles","Measles","USA",42.59219,-83.33619,2012,1,0,"Isolated"
"Measles","Measles","USA",44.26413,-85.63602,2013,2,0,"Isolated"
"Measles","Measles","USA",44.68798,-85.51384,2014,2,0,"Isolated"
"Measles","Measles","USA",42.59106,-83.327,2015,1,0,"Isolated"
"Other","Tetanus","USA",44.314844,-85.602364,2011,3,0,"Secondary"
"Whooping Cough","Whooping Cough","USA",44.314844,-85.602364,2010,600,0,"Epidemic"
"Whooping Cough","Whooping Cough","USA",44.97304,-85.17691,2014,1,0,"Isolated"
"Whooping Cough","Whooping Cough","USA",44.73,-85.55,2014,81,0,"Epidemic"
"Whooping Cough","Whooping Cough","USA",42.59387,-85.90844,2014,26,0,"Epidemic"
"Whooping Cough","Whooping Cough","USA",45.15382,-94.6859,2010,46,0,"Epidemic"
"Whooping Cough","Whooping Cough","USA",45.63014,-94.01909,2012,14,0,"Cluster"
"Whooping Cough","Whooping Cough","USA",43.99518,-92.38136,2012,98,0,"Epidemic"
"Whooping Cough","Whooping Cough","USA",45.02089,-93.50946,2012,4433,0,"Epidemic"
"Whooping Cough","Whooping Cough","USA",44.41,-92.72,2014,11,0,"Cluster"
"Measles","Measles","USA",44.979965,-93.263836,2011,21,0,"Secondary"
"Measles","Measles","USA",46.72955,-94.6859,2011,21,0,"Cluster"
"Measles","Measles","USA",45.02089,-93.50946,2014,2,0,"Isolated"
"Measles","Measles","USA",44.9537,-93.08996,2014,21,0,"Cluster"
"Measles","Measles","USA",45.01632,-93.7191,2015,1,0,"Isolated"
"Measles","Measles","USA",39.09973,-94.57857,2014,11,0,"Cluster"
"Measles","Measles","USA",44.97399,-93.22773,2015,1,0,"Isolated"
"Whooping Cough","Whooping Cough","USA",37.20896,-93.2923,2012,4,0,"Cluster"
"Mumps","Mumps","USA",38.94038,-92.3277,2015,6,0,"Cluster"
"Other","Chicken Pox","USA",39.09973,-94.57857,2015,2,0,"Cluster"
"Whooping Cough","Whooping Cough","USA",46.55886,-110.36257,2012,355,0,"Epidemic"
"Whooping Cough","Whooping Cough","USA",48.42415,-114.15315,2013,225,0,"Epidemic"
"Whooping Cough","Whooping Cough","USA",47.49418,-111.28334,2014,423,0,"Epidemic"
"Measles","Measles","USA",41.2657,-96.10507,2015,1,0,"Isolated"
"Mumps","Mumps","USA",42.499198,-98.374572,2010,20,0,"Secondary"
"Whooping Cough","Whooping Cough","USA",40.81056,-96.68028,2014,110,0,"Epidemic"
"Whooping Cough","Whooping Cough","USA",36.07956,-115.09405,2012,22,0,"Cluster"
"Whooping Cough","Whooping Cough","USA",41.13,-115.35,2014,14,0,"Cluster"
"Measles","Measles","USA",36.07956,-115.09405,2015,9,0,"Cluster"
"Measles","Measles","USA",40.058324,-74.405661,2011,4,0,"Secondary"
"Measles","Measles","USA",40.57427,-74.60988,2013,3,0,"Cluster"
"Measles","Measles","USA",40.21705,-74.74294,2013,1,0,"Isolated"
"Measles","Measles","USA",40.66871,-74.11431,2014,1,0,"Isolated"
"Measles","Measles","USA",39.80559,-74.55947,2015,2,0,"Cluster"
"Measles","Measles","USA",40.53012,-74.31693,2015,1,0,"Isolated"
"Mumps","Mumps","USA",40.05832,-74.40566,2013,1,0,"Isolated"
"Whooping Cough","Whooping Cough","USA",40.08213,-74.2097,2012,14,0,"Cluster"
"Whooping Cough","Whooping Cough","USA",40.3571,-74.6702,2014,3,0,"Cluster"
"Measles","Measles","USA",34.97273,-105.032364,2011,1,0,"Isolated"
"Whooping Cough","Whooping Cough","USA",34.51994,-105.87009,2012,112,1,"Epidemic"
"Whooping Cough","Whooping Cough","USA",35.1107,-106.60999,2013,331,0,"Epidemic"
"Measles","Measles","USA",34.52452,-105.87962,2012,1,0,"Isolated"
"Measles","Measles","USA",36.5706,-106.65755,2014,1,0,"Isolated"
"Whooping Cough","Whooping Cough","USA",34.5751567,-103.2663479,2015,13,0,"Cluster"
"Whooping Cough","Whooping Cough","USA",40.84288,-73.29289,2012,1288,0,"Epidemic"
"Whooping Cough","Whooping Cough","USA",43.02163,-78.96573,2014,13,0,"Cluster"
"Measles","Measles","USA",40.714353,-74.005973,2009,11,0,"Cluster"
"Measles","Measles","USA",40.714353,-73.995973,2011,2,0,"Cluster"
"Measles","Measles","USA",40.714353,-74.15973,2011,1,0,"Isolated"
"Measles","Measles","USA",40.714353,-73.005973,2011,1,0,"Isolated"
"Measles","Measles","USA",40.65001,-73.95001,2011,6,0,"Secondary"
"Measles","Measles","USA",41.86438,-74.32843,2012,1,0,"Isolated"
"Measles","Measles","USA",40.70645,-73.95362,2013,58,0,"Cluster"
"Measles","Measles","USA",40.847,-73.93732,2014,26,0,"Cluster"
"Measles","Measles","USA",40.65,-73.95,2014,1,0,"Isolated"
"Measles","Measles","USA",41.73379,-74.51543,2015,3,0,"Cluster"
"Mumps","Mumps","USA",40.714353,-74.1505973,2009,57,0,"Epidemic"
"Mumps","Mumps","USA",40.71435,-74.00597,2010,3502,0,"Epidemic"
"Whooping Cough","Whooping Cough","USA",44.44731,-74.93021,2013,11,0,"Cluster"
"Whooping Cough","Whooping Cough","USA",44.79042,-73.60058,2014,2,0,"Cluster"
"Measles","Measles","USA",42.72841,-73.69179,2014,1,0,"Isolated"
"Whooping Cough","Whooping Cough","USA",40.6781784,-73.9441579,2015,109,0,"Epidemic"
"Whooping Cough","Whooping Cough","USA",43.16103,-77.6109219,2015,1,0,"Isolated"
"Whooping Cough","Whooping Cough","USA",43.0102323,-78.1815803,2015,7,0,"Cluster"
"Whooping Cough","Whooping Cough","USA",36.01174,-79.42538,2012,82,0,"Epidemic"
"Whooping Cough","Whooping Cough","USA",35.77959,-78.63818,2013,326,0,"Epidemic"
"Whooping Cough","Whooping Cough","USA",35.59314,-82.47528,2014,19,0,"Cluster"
"Whooping Cough","Whooping Cough","USA",35.21905,-83.04153,2015,5,0,"Cluster"
"Mumps","Mumps","USA",35.759573,-79.0193,2010,1,0,"Isolated"
"Measles","Measles","USA",36.0263,-79.10969,2013,23,0,"Cluster"
"Measles","Measles","USA",35.58486,-80.81007,2014,1,0,"Isolated"
"Whooping Cough","Whooping Cough","USA",47.55149,-101.00201,2009,30,0,"Cluster"
"Whooping Cough","Whooping Cough","USA",47.55149,-101.00201,2010,58,0,"Cluster"
"Whooping Cough","Whooping Cough","USA",47.55149,-101.00201,2011,70,0,"Epidemic"
"Whooping Cough","Whooping Cough","USA",47.55149,-101.00201,2012,179,0,"Epidemic"
"Whooping Cough","Whooping Cough","USA",40.417287,-82.907123,2010,36,0,"Cluster"
"Whooping Cough","Whooping Cough","USA",39.89121,-83.67739,2013,901,0,"Epidemic"
"Whooping Cough","Whooping Cough","USA",40.36116,-83.75966,2014,10,0,"Cluster"
"Whooping Cough","Whooping Cough","USA",39.1,-84.5167,2014,20,0,"Cluster"
"Mumps","Mumps","USA",39.96118,-82.99879,2014,483,0,"Epidemic"
"Measles","Measles","USA",40.45956,-82.30177,2014,382,0,"Epidemic"
"Measles","Measles","USA",36.145,-97.00684,2015,1,0,"Isolated"
"Whooping Cough","Whooping Cough","USA",43.80413,-120.5542,2012,458,0,"Epidemic"
"Whooping Cough","Whooping Cough","USA",36.26615,-94.47998,2014,29,0,"Cluster"
"Whooping Cough","Whooping Cough","USA",36.25473,-94.47998,2015,8,1,"Cluster"
"Whooping Cough","Whooping Cough","USA",44.55211,-123.28839,2015,2,0,"Cluster"
"Measles","Measles","USA",44.84464,-122.59274,2013,6,0,"Epidemic"
"Measles","Measles","USA",43.80413,-120.5542,2014,5,0,"Epidemic"
"Measles","Measles","USA",44.17009,-120.02849,2015,1,0,"Secondary"
"Measles","Measles","USA",40.371376,-77.240515,2011,5,0,"Cluster"
"Measles","Measles","USA",40.4108,-75.24791,2011,4,0,"Isolated"
"Measles","Measles","USA",39.95233,-75.16379,2009,1,0,"Isolated"
"Measles","Measles","USA",40.44062,-79.99589,2009,5,0,"Isolated"
"Measles","Measles","USA",40.45369,-80.01211,2014,3,0,"Cluster"
"Measles","Measles","USA",40.58879,-77.56806,2015,1,0,"Isolated"
"Whooping Cough","Whooping Cough","USA",40.44508,-80.00877,2012,46,0,"Cluster"
"Whooping Cough","Whooping Cough","USA",40.03699,-75.3762,2015,8,0,"Cluster"
"Mumps","Mumps","USA",41.203322,-77.194525,2010,9,0,"Cluster"
"Mumps","Mumps","USA",40.43918,-79.98966,2014,5,0,"Cluster"
"Whooping Cough","Whooping Cough","USA",40.44508,-80.00877,2014,140,0,"Epidemic"
"Whooping Cough","Whooping Cough","USA",41.53508,-78.52238,2008,32,0,"Cluster"
"Whooping Cough","Whooping Cough","USA",40.44062,-79.99589,2014,11,0,"Cluster"
"Measles","Measles","USA",41.580095,-71.477429,2011,1,0,"Isolated"
"Measles","Measles","USA",41.82399,-71.41283,2014,1,0,"Isolated"
"Whooping Cough","Whooping Cough","USA",34.90462,-82.64834,2012,2,0,"Cluster"
"Whooping Cough","Whooping Cough","USA",34.90462,-82.64834,2014,30,0,"Cluster"
"Whooping Cough","Whooping Cough","USA",43.969515,-99.901813,2008,17,0,"Secondary"
"Whooping Cough","Whooping Cough","USA",44.49082,-103.85937,2014,10,0,"Epidemic"
"Measles","Measles","USA",43.70943,-98.0298,2015,13,0,"Epidemic"
"Measles","Measles","USA",35.517491,-86.580447,2011,2,0,"Cluster"
"Measles","Measles","USA",36.20852,-86.60664,2014,5,0,"Cluster"
"Measles","Measles","USA",31.968599,-99.901813,2011,1,0,"Isolated"
"Measles","Measles","USA",29.77518,-95.31025,2013,1,0,"Isolated"
"Measles","Measles","USA",32.72541,-97.32085,2013,16,0,"Cluster"
"Measles","Measles","USA",32.78014,-96.80045,2014,1,0,"Isolated"
"Measles","Measles","USA",-12.59641,-41.71841,2014,2,0,"Cluster"
"Measles","Measles","USA",32.7732,-97.35166,2015,1,0,"Isolated"
"Mumps","Mumps","USA",31.968599,-99.001424,2010,1,0,"Isolated"
"Whooping Cough","Whooping Cough","USA",31.13268,-97.52993,2012,32,0,"Cluster"
"Whooping Cough","Whooping Cough","USA",30.26382,-97.77139,2013,3482,0,"Epidemic"
"Whooping Cough","Whooping Cough","USA",33.0198431,-96.6988856,2015,2,0,"Cluster"
"Whooping Cough","Whooping Cough","USA",40.96288,-112.09533,2012,1497,0,"Epidemic"
"Whooping Cough","Whooping Cough","USA",40.82976,-110.99835,2015,63,0,"Cluster"
"Measles","Measles","USA",39.32098,-111.09373,2011,4,0,"Cluster"
"Measles","Measles","USA",41.756,-111.76147,2011,6,0,"Isolated"
"Measles","Measles","USA",39.32098,-111.09373,2014,1,0,"Isolated"
"Measles","Measles","USA",39.66547,-110.08513,2015,3,0,"Secondary"
"Whooping Cough","Whooping Cough","USA",41.26026,-111.95225,2014,748,0,"Epidemic"
"Whooping Cough","Whooping Cough","USA",44.5588,-72.57784,2012,632,0,"Epidemic"
"Measles","Measles","USA",37.431573,-78.656894,2009,6,0,"Secondary"
"Measles","Measles","USA",37.431573,-78.656894,2011,3,0,"Secondary"
"Measles","Measles","USA",38.95061,-77.4077,2014,2,0,"Cluster"
"Measles","Measles","USA",38.90855,-77.24052,2015,1,0,"Isolated"
"Mumps","Mumps","USA",37.54072,-77.43605,2013,15,0,"Cluster"
"Whooping Cough","Whooping Cough","USA",36.94463,-80.32131,2011,32,0,"Cluster"
"Whooping Cough","Whooping Cough","USA",37.41375,-79.14225,2014,1,0,"Isolated"
"Whooping Cough","Whooping Cough","USA",38.90855,-77.24052,2014,4,0,"Cluster"
"Whooping Cough","Whooping Cough","USA",36.89494,-82.11608,2014,18,0,"Cluster"
"Measles","Measles","USA",38.908547,-77.240515,2015,1,0,"Isolated"
"Whooping Cough","Whooping Cough","USA",38.0567092,-78.6114999,2015,1,0,"Isolated"
"Whooping Cough","Whooping Cough","USA",47.751074,-120.740139,2010,2,1,"Isolated"
"Whooping Cough","Whooping Cough","USA",47.28668,-119.28955,2013,4783,0,"Epidemic"
"Whooping Cough","Whooping Cough","USA",46.23698,-118.58548,2015,28,0,"Cluster"
"Measles","Measles","USA",47.56541,-122.00357,2013,2,0,"Isolated"
"Measles","Measles","USA",46.1746472,-122.7746902,2012,1,0,"Isolated"
"Measles","Measles","USA",47.60621,-122.33207,2013,2,0,"Isolated"
"Measles","Measles","USA",47.75107,-120.74014,2014,12,0,"Isolated"
"Measles","Measles","USA",47.54803,-121.9836,2014,8,0,"Cluster"
"Measles","Measles","USA",47.54803,-121.9836,2013,2,0,"Isolated"
"Measles","Measles","USA",47.44443,-122.3005,2014,1,0,"Isolated"
"Measles","Measles","USA",47.58068,-122.05587,2015,5,0,"Secondary"
"Measles","Measles","USA",47.65878,-117.42605,2015,1,0,"Isolated"
"Measles","Measles","USA",48.04051,-124.01677,2015,1,1,"Isolated"
"Whooping Cough","Whooping Cough","USA",38.5976262,-80.4549026,2015,52,0,"Epidemic"
"Measles","Measles","USA",43.78444,-88.78787,2011,3,0,"Secondary"
"Measles","Measles","USA",43.78444,-88.78787,2014,2,0,"Isolated"
"Mumps","Mumps","USA",43.07305,-89.40123,2014,5,0,"Cluster"
"Whooping Cough","Whooping Cough","USA",44.85045,-89.8505,2011,1078,0,"Epidemic"
"Whooping Cough","Whooping Cough","USA",44.26193,-88.41538,2012,5923,0,"Epidemic"
"Whooping Cough","Whooping Cough","USA",44.38358,-89.81735,2013,31,0,"Epidemic"
"Measles","Measles","USA",33.00136,-96.62376,2016,1,0,"Isolated"
"Whooping Cough","Whooping Cough","USA",30.181,-97.79152,2016,2,0,"Isolated"
"Mumps","Mumps","USA",38.01961,-84.49945,2016,3,0,"Cluster"
"Mumps","Mumps","USA",40.26719,-86.1349,2016,14,0,"Cluster"
"Other","Ebola","Uganda",0.61522,32.95898,2012,20,14,"Cluster"
"Measles","Measles","Uganda",1.38963,32.25543,2010,1313,0,"Epidemic"
"Measles","Measles","Uganda",1.34158,32.32607,2009,1216,0,"Epidemic"
"Measles","Measles","Uganda",0.78001,32.09106,2011,3312,0,"Epidemic"
"Measles","Measles","Uganda",-0.1964,30.84425,2012,38,1,"Epidemic"
"Measles","Measles","Uganda",1.43194,31.3525,2013,159,6,"Epidemic"
"Measles","Measles","Uganda",1.37333,32.29028,2014,44,0,"Cluster"
"Measles","Measles","Ukraine",49.83968,24.02972,2011,1112,0,"Epidemic"
"Measles","Measles","Ukraine",50.4501,30.5234,2012,10329,0,"Epidemic"
"Measles","Measles","Ukraine",48.015883,37.80285,2010,20,0,"Cluster"
"Measles","Measles","Ukraine",49.9935,36.23038,2014,47,0,"Cluster"
"Rubella","Rubella","Ukraine",49.839683,24.029717,2011,18,0,"Cluster"
"Polio","Polio","Ukraine",48.6208,22.28788,2015,2,0,"Cluster"
"Measles","Measles","Vietnam",14.05832,108.2772,2013,3300,25,"Epidemic"
"Measles","Measles","Vietnam",14.058324,108.277199,2009,1,0,"Isolated"
"Mumps","Mumps","Vietnam",22.27594,104.19309,2013,50,0,"Cluster"
"Measles","Measles","Vietnam",14.05832,108.2772,2014,3688,100,"Epidemic"
"Rubella","Rubella","Vietnam",11.3254,106.47702,2015,29,0,"Cluster"
"Measles","Measles","Vietnam",21.30149,106.62913,2015,888,0,"Epidemic"
"Measles","Measles","Yemen",16.847653,43.943679,2010,157,0,"Epidemic"
"Measles","Measles","Yemen",15.35203,44.20746,2012,3800,150,"Epidemic"
"Measles","Measles","Zambia",-13.9234,25.65308,2011,13324,0,"Epidemic"
"Measles","Measles","Zambia",-13.09051,27.8421,2010,15736,0,"Epidemic"
"Measles","Measles","Zambia",-13.09051,27.8421,2009,26,0,"Cluster"
"Measles","Measles","Zambia",-13.09954,27.85858,2008,111,0,"Cluster"
"Other","Typhoid","Zambia",-12.55824,28.28482,2011,2094,2,"Epidemic"
"Other","Typhoid Fever","Zambia",-14.38343,28.39294,2012,204,0,"Epidemic"
"Measles","Measles","Zimbabwe",-19.01579,29.13239,2010,9993,0,"Epidemic"
"Measles","Measles","Zimbabwe",-20.65335,29.83887,2009,524,0,"Epidemic"
"Measles","Measles","Zimbabwe",-19.06163,29.15308,2008,2,0,"Isolated"
"Other","Typhoid","Zimbabwe",-17.82922,31.05396,2011,207,0,"Epidemic"
"Other","Typhoid","Zimbabwe",-18.47961,29.35547,2012,3000,0,"Epidemic"
"Other","Typhoid","Zimbabwe",-17.90361,30.94389,2012,5,5,"Epidemic"
"Attacks","Announcement","Afghanistan",33.94511,66.6534213,2014,0,0,"Announcement"
"Attacks","Violence","Afghanistan",33.9340383,67.7034312,2014,3,3,NA
"Attacks","Violence","Afghanistan",34.171831,70.621679,2015,0,0,"Announcement"
"Attacks","Announcement","Afghanistan",34.41985,70.47294,2015,0,0,"Announcement"
"Attacks","Violence","Afghanistan",31.62887,65.73717,2015,1,1,NA
"Attacks","Violence","Afghanistan",34.84659,71.09732,2016,3,3,NA
"Attacks","Announcement","Cameroon",3.8480325,11.5020752,2015,0,0,"Announcement"
"Attacks","Violence","Ivory Coast",7.539381,-5.543922,2014,0,0,"Announcement"
"Attacks","Announcement","India",20.593684,78.96288,2013,0,0,"Announcement"
"Attacks","Announcement","India",24.86,67.01,2014,0,0,"Announcement"
"Attacks","Announcement","India",31.14713,75.34122,2015,0,0,"Announcement"
"Attacks","Violence","India",31.33814,75.22749,2015,2,0,NA
"Attacks","Announcement","India",10.85052,76.27108,2016,0,0,"Announcement"
"Attacks","Announcement","India",33.73291,75.14535,2016,0,0,"Announcement"
"Attacks","Announcement","India",26.68383,72.89881,2016,0,0,"Announcement"
"Attacks","Announcement","Kenya",-1.29207,36.82195,2015,0,0,"Announcement"
"Attacks","Announcement","Kenya",-0.3,38.01667,2015,0,0,"Announcement"
"Attacks","Announcement","Nigeria",9.5,8.8,2007,0,0,"Announcement"
"Attacks","Announcement","Nigeria",12.099305,8.753624,2008,0,0,"Announcement"
"Attacks","Violence","Nigeria",9.9,8.7,2010,0,0,"Announcement"
"Attacks","Announcement","Nigeria",9.4,9.7,2013,0,0,"Announcement"
"Attacks","Announcement","Nigeria",10,9,2013,0,0,"Announcement"
"Attacks","Announcement","Nigeria",9.3,8.4,2013,0,0,"Announcement"
"Attacks","Violence","Nigeria",9.077751,8.6774567,2014,3,0,NA
"Attacks","Violence","Nigeria",10.077751,9.6774567,2013,9,9,NA
"Attacks","Violence","Nigeria",9.077751,8.6774567,2014,9,3,NA
"Attacks","Announcement","Nigeria",13.00587,5.24755,2015,0,0,"Announcement"
"Attacks","Announcement","Pakistan",28,68,2007,0,0,"Announcement"
"Attacks","Announcement","Pakistan",31.391158,71.641846,2011,0,0,"Announcement"
"Attacks","Announcement","Pakistan",33,72,2012,0,0,"Announcement"
"Attacks","Announcement","Pakistan",32.8,71.4,2012,0,0,"Announcement"
"Attacks","Announcement","Pakistan",28,64,2012,0,0,"Announcement"
"Attacks","Announcement","Pakistan",27,68,2012,0,0,"Announcement"
"Attacks","Announcement","Pakistan",29,70,2012,0,0,"Announcement"
"Attacks","Announcement","Pakistan",31.128199,72.147217,2013,0,0,"Announcement"
"Attacks","Announcement","Pakistan",30.14,69,2013,0,0,"Announcement"
"Attacks","Announcement","Pakistan",28.7,69.45,2013,0,0,"Announcement"
"Attacks","Announcement","Pakistan",29.99,70.5,2013,0,0,"Announcement"
"Attacks","Announcement","Pakistan",32,74,2013,0,0,"Announcement"
"Attacks","Announcement","Pakistan",33.26625,72.872314,2013,0,0,"Announcement"
"Attacks","Announcement","Pakistan",26,68,2013,0,0,"Announcement"
"Attacks","Announcement","Pakistan",24.995,70.4,2013,0,0,"Announcement"
"Attacks","Announcement","Pakistan",32,73,2013,0,0,"Announcement"
"Attacks","Announcement","Pakistan",28,65,2014,0,0,"Announcement"
"Attacks","Announcement","Pakistan",26,64,2014,0,0,"Announcement"
"Attacks","Announcement","Pakistan",28,65,2014,0,0,"Announcement"
"Attacks","Announcement","Pakistan",30,70,2014,0,0,"Announcement"
"Attacks","Announcement","Pakistan",31,69,2014,0,0,"Announcement"
"Attacks","Announcement","Pakistan",31,73,2014,0,0,"Announcement"
"Attacks","Announcement","Pakistan",34.856902,71.429936,2014,0,0,"Announcement"
"Attacks","Announcement","Pakistan",32.667476,69.859741,2014,0,0,"Announcement"
"Attacks","Announcement","Pakistan",24.861462,67.009939,2014,0,0,"Announcement"
"Attacks","Announcement","Pakistan",33.7167,73.0667,2014,0,0,"Announcement"
"Attacks","Announcement","Pakistan",24.88,66.97,2014,0,0,"Announcement"
"Attacks","Announcement","Pakistan",33.6667,73.1667,2014,0,0,"Announcement"
"Attacks","Announcement","Pakistan",30.1833,67,2014,0,0,"Announcement"
"Attacks","Announcement","Pakistan",34.0511024,72.0961149,2014,0,0,"Announcement"
"Attacks","Violence","Pakistan",28.809516,63.90996,2014,2,0,NA
"Attacks","Violence","Pakistan",28.4776626,65.569057,2012,1,1,NA
"Attacks","Violence","Pakistan",25.0111453,67.0647044,2012,1,1,NA
"Attacks","Violence","Pakistan",25.0111453,68.0647044,2012,2,2,NA
"Attacks","Violence","Pakistan",33.639718,70.803416,2012,11,9,NA
"Attacks","Violence","Pakistan",34.80247,71.880076,2013,7,7,NA
"Attacks","Violence","Pakistan",26.591938,64.547167,2013,2,2,NA
"Attacks","Violence","Pakistan",34.13221,72.099803,2013,1,1,NA
"Attacks","Violence","Pakistan",29.3894007,68.3532207,2013,1,0,NA
"Attacks","Violence","Pakistan",33.676296,71.880076,2013,2,1,NA
"Attacks","Violence","Pakistan",33.217951,72.8249,2013,3,2,NA
"Attacks","Violence","Pakistan",32.849537,73.176463,2013,2,2,NA
"Attacks","Violence","Pakistan",32.77567,73.396189,2013,1,1,NA
"Attacks","Violence","Pakistan",25.387182,69.578905,2013,1,0,NA
"Attacks","Violence","Pakistan",28.3894007,67.3532207,2013,20,2,NA
"Attacks","Violence","Pakistan",32.2383,73.725779,2013,3,3,NA
"Attacks","Violence","Pakistan",32.145326,73.571971,2013,3,1,NA
"Attacks","Violence","Pakistan",28.3894007,66.3532207,2014,9,6,NA
"Attacks","Violence","Pakistan",31.49186,73.967478,2014,3,3,NA
"Attacks","Violence","Pakistan",28.3894007,68.3532207,2014,2,1,NA
"Attacks","Violence","Pakistan",29.3894007,67.3532207,2014,24,13,NA
"Attacks","Violence","Pakistan",30.3894007,70.3532207,2014,9,3,NA
"Attacks","Violence","Pakistan",31.078753,72.011912,2014,2,2,NA
"Attacks","Violence","Pakistan",31.003449,71.484568,2014,1,1,NA
"Attacks","Violence","Pakistan",29.427576,72.033885,2014,2,2,NA
"Attacks","Violence","Pakistan",28.771003,70.963182,2014,1,1,NA
"Attacks","Violence","Pakistan",26.218013,69.315233,2014,1,1,NA
"Attacks","Violence","Pakistan",31.3894007,70.3532207,2014,1,1,NA
"Attacks","Violence","Pakistan",24.630512,68.348436,2014,4,2,NA
"Attacks","Violence","Pakistan",34.5,71.333,2014,3,2,NA
"Attacks","Violence","Pakistan",34.794391,74.529788,2014,6,3,NA
"Attacks","Violence","Pakistan",30,67,2014,7,4,NA
"Attacks","Violence","Pakistan",34.221934,71.568272,2014,2,0,NA
"Attacks","Violence","Pakistan",31.4483653,73.0740166,2014,1,1,NA
"Attacks","Violence","Pakistan",34.0511024,72.0961149,2014,2,2,NA
"Attacks","Violence","Pakistan",31.59861,69.19239,2015,4,3,NA
"Attacks","Announcement","Pakistan",34.95262,72.33111,2015,0,0,"Announcement"
"Attacks","Violence","Pakistan",30.18297,66.99873,2015,1,1,NA
"Attacks","Violence","Pakistan",35.49203,72.52048,2015,1,0,NA
"Attacks","Violence","Pakistan",34.33388,73.20106,2015,3,3,NA
"Attacks","Violence","Pakistan",31.31333,68.17722,2015,2,1,NA
"Attacks","Violence","Pakistan",24.86146,67.00994,2015,2,0,NA
"Attacks","Announcement","Pakistan",34.0511024,72.0961149,2015,0,0,"Announcement"
"Attacks","Announcement","Pakistan",28.4907332,65.0957791999999,2015,0,0,"Announcement"
"Attacks","Violence","Pakistan",34.0211,71.28742,2014,1,1,NA
"Attacks","Announcement","Pakistan",32.6044506,70.9130683999999,2015,0,0,"Announcement"
"Attacks","Announcement","Pakistan",34.7736465,72.3599002999999,2015,0,0,"Announcement"
"Attacks","Announcement","Pakistan",34.9526205,72.331113,2015,0,0,"Announcement"
"Attacks","Announcement","Pakistan",24.861462,67.009939,2015,0,0,"Announcement"
"Attacks","Announcement","Pakistan",24.861462,67.009939,2015,0,0,"Announcement"
"Attacks","Violence","Pakistan",34.856902,71.429936,2015,1,1,NA
"Attacks","Announcement","Pakistan",24.8614622,67.0099388,2015,0,0,"Announcement"
"Attacks","Announcement","Pakistan",33.70777,71.00238,2015,0,0,"Announcement"
"Attacks","Announcement","Pakistan",30.1829713,66.998734,2015,0,0,"Announcement"
"Attacks","Announcement","Pakistan",34.0149748,71.5804899,2015,0,0,"Announcement"
"Attacks","Announcement","Pakistan",24.8614622,67.0099388,2015,0,0,"Announcement"
"Attacks","Violence","Pakistan",34.14422,72.37847,2015,1,1,NA
"Attacks","Violence","Pakistan",34.33388,73.20106,2015,3,3,NA
"Attacks","Violence","Pakistan",31.17041,72.70972,2015,3,0,NA
"Attacks","Announcement","Pakistan",32.26454,68.52471,2015,0,0,"Announcement"
"Attacks","Announcement","Pakistan",24.8614622,67.0099388,2015,0,0,"Announcement"
"Attacks","Announcement","Pakistan",31.55461,74.35716,2015,0,0,"Announcement"
"Attacks","Announcement","Pakistan",24.82567,67.13184,2015,0,0,"Announcement"
"Attacks","Announcement","Pakistan",34.01497,71.58049,2015,0,0,"Announcement"
"Attacks","Violence","Pakistan",34.14422,72.37847,2015,3,3,NA
"Attacks","Violence","Pakistan",34.01586,71.97545,2015,1,0,NA
"Attacks","Violence","Pakistan",33.88369,70.10986,2015,1,0,NA
"Attacks","Violence","Pakistan",30.80905,30.80905,2015,1,0,NA
"Attacks","Announcement","Pakistan",32.60445,70.91307,2015,0,0,"Announcement"
"Attacks","Violence","Pakistan",30.96475,70.93993,2016,3,0,NA
"Attacks","Announcement","Pakistan",34.14422,72.37847,2016,0,0,"Announcement"
"Attacks","Violence","Pakistan",32.15438,74.18423,2016,2,0,NA
"Attacks","Violence","Pakistan",30.18297,66.99873,2016,34,16,NA
"Attacks","Violence","Pakistan",34.00151,71.38541,2016,1,1,NA
"Attacks","Announcement","Pakistan",30.99434,77.14369,2016,0,0,"Announcement"
"Attacks","Announcement","Pakistan",34.80151,72.757,2016,0,0,"Announcement"
"Attacks","Violence","Pakistan",24.86146,67.00994,2016,0,0,NA
"Attacks","Violence","Pakistan",31.55461,74.35716,2016,0,1,NA
"Attacks","Announcement","Pakistan",30.18297,66.99873,2016,0,0,"Announcement"
"Attacks","Announcement","Pakistan",31.55461,74.35716,2016,0,0,"Announcement"
"Attacks","Violence","Somalia",4.8,46.5,2008,3,3,NA
"Attacks","Violence","Somalia",5.15215,46.19962,2010,1,1,NA
"Attacks","Violence","Somalia",4.1632866,47.2037009,2014,1,1,NA
"Attacks","Violence","Somalia",8.4,48.48333,2015,12,7,NA
"Attacks","Announcement","Syria",35.933333,36.633333,2014,0,0,"Announcement"
"Attacks","Violence","Syria",34.8158524,39.0464523,2014,4,4,NA
"Attacks","Announcement","Togo",8.61954,0.82478,2016,0,0,"Announcement"
"Attacks","Announcement","Ukraine",48.37943,31.16558,2015,0,0,"Announcement"
"Attacks","Announcement","Yemen",15.550738,48.514391,2014,0,0,"Announcement"
"Attacks","Violence","Yemen",15.532815,48.494457,2009,9,0,NA
